acc.date,type,reg,operator,fat,location,dmg,acc.year,acc_type
2022-01-03,British Aerospace,ZS-NRJ,SA Airlink,0.0,near Venetia Mine Airport,sub,2022.0,Non-Fatal
2022-01-04,British Aerospace,HR-AYY,LANHSA - Línea Aérea Nacional de Honduras S.A,0.0,Roatán-Juan Manuel Gálvez International Airport (RTB),sub,2022.0,Non-Fatal
2022-01-05,Boeing,EP-CAP,Caspian Airlines,0.0,Isfahan-Shahid Beheshti Airport (IFN),sub,2022.0,Non-Fatal
2022-01-08,Tupolev Tu-204-100C,RA-64032,"Cainiao, opb Aviastar-TU",0.0,Hangzhou Xiaoshan International Airport (HGH),w/o,2022.0,Non-Fatal
2022-01-16,Airbus,JA24MC,Star Flyer,0.0,near Okayama City,non,2022.0,Non-Fatal
2022-01-19,Cessna,YV3033,Mahan Air,0.0,"near Vakilabad, Arzuiyeh",sub,2022.0,Non-Fatal
2022-01-22,Airbus,N760JB,JetBlue Airways,0.0,"Hayden-Yampa Valley Airport, CO (HDN)",sub,2022.0,Non-Fatal
2022-01-27,Bombardier,2-SLOW,Volare Aviation,0.0,Heraklion-N. Kazantzakis Airport (HER/LGIR),sub,2022.0,Non-Fatal
2022-01-31,Bombardier,N999PX,Lima Delta Co Trustee,0.0,London-Stansted Airport (STN),sub,2022.0,Non-Fatal
2022-01-31,Beechcraft,C-GEAS,"Air Tindi, opf Royal Canadian Air Force - RCAF",0.0,"Thunder Bay Airport, ON (YQT)",sub,2022.0,Non-Fatal
2022-02-02,Hawker,N207K,Skyview LLC,0.0,"Islip-Long Island MacArthur Airport, NY (ISP)",sub,2022.0,Non-Fatal
2022-02-05,Cessna,5H-TAZ,Care Aviation,0.0,New Fangak Airstrip,sub,2022.0,Non-Fatal
2022-02-07,Embraer,OH-LKK,Finnair,0.0,København-Kastrup Airport (CPH),sub,2022.0,Non-Fatal
2022-02-08,Antonov,SP-402,South Sudanese Air Force,0.0,Agok Airstrip,sub,2022.0,Non-Fatal
2022-02-11,Cessna,LV-JUO,Aviajet SA,0.0,"Morón-Ituzaingo Airport, BA",sub,2022.0,Non-Fatal
2022-02-11,Antonov,RA-33599,Kamchatsky Krechet,2.0,"1 km SW of Koryaki, Yelizovsky district, Kamchatka",w/o,2022.0,Fatal
2022-02-14,Let,9S-GFA,Doren Air Congo,0.0,Bukavu-Kavumu Airport (BKY),w/o,2022.0,Non-Fatal
2022-02-15,ATR,JA04JC,Japan Air Commuter,0.0,55 km NNW of Osaka Airport,non,2022.0,Non-Fatal
2022-02-15,Britten-Norman,N821RR,Air Flamenco,0.0,Culebra Airport (CPX),sub,2022.0,Non-Fatal
2022-02-16,Swearingen,HK-5225,Colcharter,0.0,San Andres Island-Gustavo Rojas Pinilla Airport (ADZ),sub,2022.0,Non-Fatal
2022-02-18,Embraer,N68NH,Eclipse Transport LLC,0.0,"Detroit-Coleman A. Young International Airport, MI (DET)",sub,2022.0,Non-Fatal
2022-02-21,de Havilland Canada DHC-3T Texas Turbine Otter,N413JP,Bald Mountain Air Services,0.0,"Umiat Airport, AK (UMT)",sub,2022.0,Non-Fatal
2022-02-21,Raytheon,N99AP,Roper Aviation LLC,0.0,"Aspen-Pitkin County Airport, CO (ASE/KASE)",sub,2022.0,Non-Fatal
2022-02-23,Cessna,5X-ASD,Air Serv Limited,0.0,Bor Airport (HSBR),sub,2022.0,Non-Fatal
2022-02-24,Antonov,UR-09307,Antonov Airlines,0.0,Kyiv-Gostomel Airport (GML),sub,2022.0,Non-Fatal
2022-02-24,Antonov,UR-13395,Antonov Airlines,0.0,Kyiv-Gostomel Airport (GML),w/o,2022.0,Non-Fatal
2022-02-24,Antonov,UR-74010,Antonov Airlines,0.0,Kyiv-Gostomel Airport (GML),w/o,2022.0,Non-Fatal
2022-02-24,Cessna,N10JA,GoJump Oceanside,0.0,"0,4 km NE of Oceanside Municipal Airport, CA (OCN/KOKB)",sub,2022.0,Non-Fatal
2022-02-24,Antonov,59 blue,Ukraine Air Force,5.0,ca 2 km N of Zhukivtsi,w/o,2022.0,Fatal
2022-02-26,Cessna,5H-MZA,AB Aviation,14.0,"2,5 km NW off Mohéli-Bandar es Eslam Airport (NWA)",w/o,2022.0,Fatal
2022-02-27,Antonov,UR-82009,Antonov Airlines,0.0,Kyiv-Gostomel Airport (GML),sub,2022.0,Non-Fatal
2022-02-27,Antonov,UR-82060,Antonov Airlines,0.0,Kyiv-Gostomel Airport (GML),w/o,2022.0,Non-Fatal
2022-02-28,Cessna,N108RF,Revolution Flight,0.0,"Campbellton, TX",sub,2022.0,Non-Fatal
2022-02-28,Embraer,N402YX,"American Eagle, opb Republic Airlines",0.0,"Washington-Ronald Reagan National Airport, DC (DCA)",min,2022.0,Non-Fatal
2022-02-28,Cessna,PK-FSW,Spirit Avia Sentosa,0.0,Bilogai/Sugapa Airport (ZGP),sub,2022.0,Non-Fatal
2022-03-02,Embraer,LV-GQN,Flyzar,0.0,"Angra dos Reis Airport, RJ (SDAG)",sub,2022.0,Non-Fatal
2022-03-03,Boeing,EI-DHH,Ryanair,0.0,Ibiza Airport (LEIB),non,2022.0,Non-Fatal
2022-03-05,Dornier,CG756,Indian Coast Guard,0.0,Kanpur Air Force Station (VICX),sub,2022.0,Non-Fatal
2022-03-06,Beechcraft,N8170J,HLAF AETA LLC,0.0,"Gulfport-Biloxi International Airport, MS (GPT)",sub,2022.0,Non-Fatal
2022-03-07,Cessna,N22AU,Ozark Air Services,0.0,"Baltimore-Martin State Airport, MD (MTN)",sub,2022.0,Non-Fatal
2022-03-08,Cessna,C-GIPR,Bamaji Air,0.0,"17 km NNW of Sioux Lookout Airport, ON (YXL)",w/o,2022.0,Non-Fatal
2022-03-09,Honda HA-420 HondaJet,N903JT,Jet It LLC,0.0,"Pittsburgh-Allegheny County Airport, PA (AGC)",sub,2022.0,Non-Fatal
2022-03-12,Beechcraft,HP-1948BT,Bocas Air,0.0,Panama City Albrook-Marcos A. Gelabert International Airport (PAC),sub,2022.0,Non-Fatal
2022-03-17,Cessna,N78SA,Martinaire,0.0,"Dallas/Fort Worth International Airport, TX (DFW/KDFW)",min,2022.0,Non-Fatal
2022-03-17,Cessna,N9469B,Martinaire,0.0,"Dallas/Fort Worth International Airport, TX (DFW/KDFW)",sub,2022.0,Non-Fatal
2022-03-21,Boeing,B-1791,China Eastern Airlines,132.0,"20 km SW of Wuzhou, Tengxian County",w/o,2022.0,Fatal
2022-03-26,Boeing,JA603J,Japan Airlines (JAL),0.0,90 km E of Nagoya,non,2022.0,Non-Fatal
2022-03-30,Cessna,D-FLIC,"Skydive Costa d'Argento, lsf Gladwings",1.0,Säntis Mountain,w/o,2022.0,Fatal
2022-04-01,Embraer,TG-TAN,TAG Airlines,0.0,Belize City-Philip S.W. Goldson International Airport (BZE),sub,2022.0,Non-Fatal
2022-04-02,Learjet,N877W,Georgia Crown Distributing Co.,0.0,"Morristown Municipal Airport, NJ (MMU)",sub,2022.0,Non-Fatal
2022-04-07,Boeing,HP-2010DAE,DHL Aero Expreso,0.0,San José-Juan Santamaria International Airport (SJO),w/o,2022.0,Non-Fatal
2022-04-08,Aero Modifications AMI DC-3-65TP,HK-5016,ALIANSA Colombia,0.0,San Felipe Airport,sub,2022.0,Non-Fatal
2022-04-11,Beechcraft,C-GYQK,Thunder Airlines,0.0,"Timmins Airport, ON (YTS)",sub,2022.0,Non-Fatal
2022-04-13,Gulfstream,N511PK,private,0.0,within Venezuela,w/o,2022.0,Non-Fatal
2022-04-13,Basler,PNC0257,Servicio Aéreo de Policia,0.0,Villavicencio-La Vanguardia Airport (VVC),sub,2022.0,Non-Fatal
2022-04-13,Cessna,N928JP,Gem Air,1.0,"0,7 km NE of Burley Municipal Airport, ID (BYI)",w/o,2022.0,Fatal
2022-04-14,Fairchild,N820DC,Denver Air Connection,0.0,"Denver International Airport, CO (DEN/KDEN)",sub,2022.0,Non-Fatal
2022-04-17,Embraer,PP-LGD,VOAR Cooperativa,0.0,"Maraú-Barra Grande Airport, BA (SIRI)",sub,2022.0,Non-Fatal
2022-04-17,Cessna,N225SC,GP Aviation LLC,0.0,"Caldwell Wright Airport, NJ (CDW)",sub,2022.0,Non-Fatal
2022-04-22,Antonov,UR-UZB,Constanta Airlines,1.0,Mykhailivka,w/o,2022.0,Fatal
2022-04-26,Boeing,EI-ENK,Ryanair,0.0,Almería Airport (LEI),non,2022.0,Non-Fatal
2022-04-30,Beechcraft,N699CZ,Freight Runners Express,0.0,"Milwaukee-General Mitchell Airport (MKE/KMKE), Milwaukee, WI",sub,2022.0,Non-Fatal
2022-04-30,Cessna,F-GXMP,Centre Ecole de Parachutisme Sportif de l'Ariège,0.0,Pamiers/Les Pujols Airport,sub,2022.0,Non-Fatal
2022-05-01,Boeing,VT-SLH,SpiceJet,0.0,E of Durgapur,unk,2022.0,Non-Fatal
2022-05-03,Shorts,N744LG,Air Cargo Carriers,0.0,San Juan-Luis Muñoz Marín International Airport (SJU),sub,2022.0,Non-Fatal
2022-05-06,Beechcraft,CC-CDY,Sociedad De Transporte Aéreo Movi Air SPA,0.0,Santiago-Arturo Merino Benitez Airport (SCL),sub,2022.0,Non-Fatal
2022-05-06,Boeing,YR-BMM,Blue Air,0.0,Napoli-Capodichino Airport (NAP),sub,2022.0,Non-Fatal
2022-05-10,Boeing,LN-RRH,SAS Scandinavian Airlines,0.0,between Stavanger and Oslo,non,2022.0,Non-Fatal
2022-05-11,Viking,TJ-TIM,Caverton Helicopters (Cameroun) Ltd.,11.0,near Nanga Eboko,w/o,2022.0,Fatal
2022-05-11,Cessna,PT-OQR,"LBK Serviço Aéreo Especializado, opf Skydive4Fun",2.0,"Boituva, SP",sub,2022.0,Fatal
2022-05-12,Airbus,B-6425,Tibet Airlines,0.0,Chongqing Jiangbei International Airport (CKG/ZUCK),w/o,2022.0,Non-Fatal
2022-05-20,Embraer,PT-SHN,Sales Taxi Aéreo,0.0,"Eldorado do Sul, RS",sub,2022.0,Non-Fatal
2022-05-21,Boeing,N256WN,Southwest Airlines,0.0,"Tacoma, Washington",non,2022.0,Non-Fatal
2022-05-24,de Havilland Canada DHC-3T Turbine Otter,N703TH,Yakutat Coastal Airlines,0.0,"near Dry Bay Airport, AK",sub,2022.0,Non-Fatal
2022-05-25,Airbus,N483UA,United Airlines,0.0,"Springfield, MO",non,2022.0,Non-Fatal
2022-05-27,Boeing,A6-BLF,Etihad Airways,0.0,between Abu Dhabi and Lahore,unk,2022.0,Non-Fatal
2022-05-28,Beechcraft,ZS-PTE,Unknown,0.0,near Lynedoch Private Airfield,sub,2022.0,Non-Fatal
2022-05-29,de Havilland Canada DHC-6 Twin Otter 300,9N-AET,Tara Air,22.0,Sanosware,w/o,2022.0,Fatal
2022-06-02,Cessna,N131PL,Kam Aviation LLC,0.0,"Natchitoches Regional Airport, LA",sub,2022.0,Non-Fatal
2022-06-03,Cessna,N7581F,GoJump Oceanside,1.0,"0,5 km E of Oceanside Municipal Airport, CA (OCN/KOKB)",sub,2022.0,Fatal
2022-06-04,Cessna,N90JF,Connecticut Parachutists,0.0,"Ellington Airport, CT (7B9)",sub,2022.0,Non-Fatal
2022-06-07,Shorts,N731E,Alaskan Air Charter,0.0,"Chisana Field, AK (CZN)",sub,2022.0,Non-Fatal
2022-06-07,Bombardier,N694PD,Pacific Dental Services,0.0,"Hawthorne Airport, CA (HHR)",min,2022.0,Non-Fatal
2022-06-13,Cessna,N550GX,Northern Meridian LLC,0.0,"Fargo-Hector International Airport, ND (FAR)",sub,2022.0,Non-Fatal
2022-06-15,Beechcraft,OO-LET,ASL - Air Service Liege,0.0,Liège Airport (LGG),sub,2022.0,Non-Fatal
2022-06-16,Boeing,9S-ABJ,Gomair,0.0,Kananga Airport (KGA),sub,2022.0,Non-Fatal
2022-06-17,Boeing,F-GSPQ,Air France,0.0,"New York-John F. Kennedy International Airport, NY (JFK)",min,2022.0,Non-Fatal
2022-06-17,Airbus,EI-EJL,ITA Airways,0.0,"New York-John F. Kennedy International Airport, NY (JFK)",min,2022.0,Non-Fatal
2022-06-21,McDonnell Douglas,HI1064,RED Air,0.0,"Miami International Airport, FL (MIA)",w/o,2022.0,Non-Fatal
2022-06-21,Antonov,RA-17742,Techservice,2.0,"46 km SE of Sebyan-Kyuel, Kobyaysky District",w/o,2022.0,Fatal
2022-06-22,Learjet,YV3304,private,6.0,7 km SSE of Charallave-Óscar Machado Zuloaga Airport,w/o,2022.0,Fatal
2022-06-22,Antonov,30001,NPP Mir,0.0,70 km SE of Olenyok Airport (ONK),sub,2022.0,Non-Fatal
2022-06-24,Fokker,5Y-CCE,Icon Aviation,0.0,Juba Airport (JUB),unk,2022.0,Non-Fatal
2022-06-24,Ilyushin,RF-78778,Russian Air Force,5.0,5 km ESE of Ryazan-Dyagilevo Air Base,w/o,2022.0,Fatal
2022-06-25,de Havilland Canada DHC-8-402Q Dash 8,JA854A,"All Nippon Airways - ANA, opb ANA Wings",0.0,40 km WSW of Tokushima Airport,non,2022.0,Non-Fatal
2022-06-26,Cessna,N265KP,Alaska Seaplanes,0.0,"Elfin Cove Seaplane Base, AK (ELV)",sub,2022.0,Non-Fatal
,Antonov,RA-17951,Voskhod LLC,0.0,near Oymyakon Airfield,sub,,Non-Fatal
2022-07-01,Antonov,UR-11316,Motor Sich,0.0,Uzhgorod Airport (UKLU),sub,2022.0,Non-Fatal
2022-07-01,Boeing,N480WN,Southwest Airlines,0.0,"Santa Ana-John Wayne International Airport, CA (SNA/KSNA)",non,2022.0,Non-Fatal
2022-07-01,Learjet,LV-BPA,Flying America SA,4.0,"Río Grande-Gobernador Ramón Trejo Noel International Airport, TF (RGA)",w/o,2022.0,Fatal
2022-07-13,Gulfstream,HZ-A23,Alpha Star Aviation Services,0.0,Jeddah-King Abdulaziz International Airport (JED),sub,2022.0,Non-Fatal
2022-07-13,Cessna,N877FE,Corporate Air,0.0,"Salt Lake City International Airport, UT (SLC)",sub,2022.0,Non-Fatal
2022-07-15,Raytheon,N400MX,"Aircraft Management Group, Inc",0.0,"Brunswick-Glynco Jetport, GA (BQK)",sub,2022.0,Non-Fatal
2022-07-15,Antonov,RA-02240,private,2.0,"Prochnookopskaya, Novokubansky district, Krasnodar region",sub,2022.0,Fatal
2022-07-16,Boeing,JA807X,Solaseed Air,0.0,120 km SW of Naha Airport,non,2022.0,Non-Fatal
2022-07-16,Fokker,5Y-JSN,Icon Aviation,0.0,Rubkona Airport,sub,2022.0,Non-Fatal
2022-07-16,Antonov,UR-CIC,Meridian,8.0,16 km W of Kavala,w/o,2022.0,Fatal
2022-07-18,Fokker,5Y-JXN,Jubba Airways,0.0,Mogadishu Aden Adde International Airport (MGQ),w/o,2022.0,Non-Fatal
2022-07-20,Airbus,HA-LGA,Wizz Air,0.0,Budapest Ferenc Liszt International Airport (BUD/LHBP),non,2022.0,Non-Fatal
2022-07-21,Cessna,C-GDCP,Anderson Air,0.0,"Kotzebue-Ralph Wien Memorial Airport, AK (OTZ)",sub,2022.0,Non-Fatal
2022-07-22,Antonov,ST-AUD,Crop Protection Company,0.0,W of Omdurman Al Hara,sub,2022.0,Non-Fatal
2022-07-24,Boeing,N945AT,Delta Air Lines,0.0,"Montreal-Pierre Elliott Trudeau International Airport, QC (YUL)",sub,2022.0,Non-Fatal
2022-07-25,Airbus,N950AV,Avianca,0.0,Rionegro/Medellín-José María Córdova Airport (MDE/SKRG),non,2022.0,Non-Fatal
2022-07-27,Bombardier,N557XJ,VistaJet,0.0,"San Francisco, CA",non,2022.0,Non-Fatal
2022-07-28,de Havilland Canada DHC-3T Vazar Turbine Otter,N320KT,Rust's Flying Service,0.0,"Talkeetna Airport, AK (TKA)",sub,2022.0,Non-Fatal
2022-07-29,CASA,N497CA,Rampart Aviation,1.0,"Raleigh/Durham Airport, NC (RDU)",sub,2022.0,Fatal
2022-07-30,Boeing,HS-DBR,Nok Air,0.0,Chiang Rai-Mae Fah Luang International Airport (CEI),sub,2022.0,Non-Fatal
2022-08-05,Boeing,A7-BFH,Qatar Airways Cargo,0.0,"Chicago-O'Hare International Airport, IL (ORD/KORD)",sub,2022.0,Non-Fatal
2022-08-06,Boeing,N540US,Delta Air Lines,0.0,"Atlanta Hartsfield-Jackson International Airport, GA (ATL/KATL)",sub,2022.0,Non-Fatal
2022-08-07,IAI,PR-OMX,Brasil Vida Táxi Aéreo,0.0,"Goiânia-Nacional de Aviação Aerodrome, GO (SBNV)",sub,2022.0,Non-Fatal
2022-08-15,Cessna,N977MR,"Raber Flight Services, LLC",0.0,"Aspen-Pitkin County Airport, CO (ASE/KASE)",sub,2022.0,Non-Fatal
2022-08-17,Antonov,RA-47848,Angara Airlines,0.0,Ust-Kut Airport (UKX),sub,2022.0,Non-Fatal
2022-08-19,Boeing,N73270,United Airlines,0.0,"Pharisburg, OH",non,2022.0,Non-Fatal
2022-08-20,Beechcraft,N399TS,PACC Air,0.0,"Oshkosh-Wittman Field, WI (OSH)",sub,2022.0,Non-Fatal
2022-08-29,Boeing,N946AT,Delta Air Lines,0.0,"E of Detroit, MI",non,2022.0,Non-Fatal
2022-08-30,Cessna,PK-SNW,Smart Cakrawala Aviation,0.0,Sinak Airport (NKD),sub,2022.0,Non-Fatal
2022-08-31,Cessna,N208JM,Private,0.0,ca 1 km S of Abu Dhabi-Bateen Airport (AZI),w/o,2022.0,Non-Fatal
2022-09-01,Boeing,N76529,United Airlines,0.0,"Denver International Airport, CO (DEN/KDEN)",non,2022.0,Non-Fatal
2022-09-02,Antonov,RA-56534,2nd Arkhangelsk United Aviation Division,0.0,Nes,sub,2022.0,Non-Fatal
2022-09-03,Shorts,SP-HIP,SkyForce,2.0,2 km SSW of Piotrków Trybunalski-Bujny Airport,w/o,2022.0,Fatal
2022-09-04,Airbus,N113DQ,Delta Air Lines,0.0,"near New York-La Guardia Airport, NY (LGA/KLGA)",non,2022.0,Non-Fatal
2022-09-04,Boeing,D-AALU,AeroLogic,0.0,Frankfurt International Airport (FRA/EDDF),non,2022.0,Non-Fatal
2022-09-04,de Havilland Canada DHC-3T Turbine Otter,N725TH,Friday Harbor Seaplane Tours,10.0,"3 km SW off Freeland, WA",w/o,2022.0,Fatal
2022-09-04,Cessna,OE-FGR,GG Rent,4.0,37 km NW off Ventspils (Baltic Sea),w/o,2022.0,Fatal
2022-09-07,Cessna,N15TZ,"BVS, Inc",0.0,"Phoenix-Mesa Gateway Airport, AZ (AZA)",sub,2022.0,Non-Fatal
2022-09-09,Learjet,N26FN,Strategic Airborne Operations,0.0,"San Diego-North Island NAS, CA (NZY)",sub,2022.0,Non-Fatal
2022-09-09,Cirrus,N77VJ,TAC9 Inc.,0.0,"10 km SSW of Kissimmee Gateway Airport, FL (ISM)",sub,2022.0,Non-Fatal
2022-09-10,Antonov,9S-GAX,TRACEP-Congo Aviation,3.0,13 km W of Bukavu-Kavumu Airport (BKY),w/o,2022.0,Fatal
2022-09-10,Cessna,PT-MES,Piquiatuba Táxi Aéreo,1.0,"near Porto Trombetas, PA",w/o,2022.0,Fatal
2022-09-15,Fairchild,XA-UMW,Aeronaves TSM,0.0,near Ramos Arizpe,sub,2022.0,Non-Fatal
2022-09-19,Beechcraft,TN-AIQ,Equaflight Services,0.0,Pointe-Noire Agostinho-Neto International Airport (PNR),sub,2022.0,Non-Fatal
2022-09-20,Dassault,ZS-PKR,Pepkor Group,0.0,Pietermaritzburg Airport (PZB),sub,2022.0,Non-Fatal
2022-09-20,Cessna,N528DV,Pacific Cataract & Laser Institute Inc Pc,0.0,"Pasco-Tri-Cities Airport, WA (PSC)",w/o,2022.0,Non-Fatal
2022-09-20,British Aerospace,OB-2152,SAETA Peru,1.0,El Estrecho Airport (SPEE),sub,2022.0,Fatal
2022-09-21,Britten-Norman,8R-GGT,Jags Aviation,0.0,Eteringbang Airport (SYET),sub,2022.0,Non-Fatal
2022-09-21,Rockwell,XB-RXG,private,0.0,within Zulia,w/o,2022.0,Non-Fatal
2022-09-22,Boeing,TC-SOG,SunExpress,0.0,Köln/Bonn-Konrad Adenauer Airport (CGN/EDDK),sub,2022.0,Non-Fatal
2022-09-22,Antonov,ST-AUE,Crop Protection Company,0.0,"Yassin, east Darfur",sub,2022.0,Non-Fatal
2022-09-24,Boeing,EC-NLS,"Swiftair, opf West Atlantic (UK)",0.0,Montpellier-Méditerranée Airport (MPL),sub,2022.0,Non-Fatal
2022-09-25,Boeing,HP-1539CMP,Copa Airlines,0.0,Panama City-Tocumen International Airport (PTY),sub,2022.0,Non-Fatal
2022-09-25,Fokker,5Y-FAI,Freedom Airline Express,0.0,Nairobi-Jomo Kenyatta International Airport (NBO/HKJK),sub,2022.0,Non-Fatal
2022-09-27,Cessna,N409ST,ABS Equipment Leasing,0.0,"Waco-McGregor Executive Airport, TX (KPWG)",sub,2022.0,Non-Fatal
2022-09-28,Boeing,TF-FIK,Icelandair Flugfélag Islands,0.0,London-Heathrow Airport (LHR),sub,2022.0,Non-Fatal
2022-09-28,Boeing,HL7782,Korean Air,0.0,London-Heathrow Airport (LHR),sub,2022.0,Non-Fatal
2022-09-29,Boeing,N7881A,Southwest Airlines,0.0,"Denver International Airport, CO (DEN/KDEN)",non,2022.0,Non-Fatal
2022-10-01,Boeing,F-GZHA,Transavia France,0.0,Nantes Atlantique Airport (NTE),sub,2022.0,Non-Fatal
2022-10-03,Boeing,JA07RK,Japan Transocean Air,0.0,near Miho Airport,non,2022.0,Non-Fatal
2022-10-03,Embraer,N179SP,Partee Aviation LLC,0.0,"Houston-William P. Hobby Airport, TX (HOU)",sub,2022.0,Non-Fatal
2022-10-03,Britten-Norman,VH-WQA,Torres Strait Air,0.0,"Moa Island, Torres Strait",sub,2022.0,Non-Fatal
2022-10-05,ATR,SX-EIT,Sky Express,0.0,Athens-Elefthérios Venizélos International Airport (ATH/LGAV),sub,2022.0,Non-Fatal
2022-10-12,Honda HA-420 HondaJet,N704JT,Jupiter Aviation LLC,0.0,"West Michigan Regional Airport (BIV/KBIV), Holland, MI",sub,2022.0,Non-Fatal
2022-10-13,de Havilland Canada DHC-3T Vazar Turbine Otter,C-FDDX,True North Airways,0.0,"Lac PLuto, QC",w/o,2022.0,Non-Fatal
2022-10-13,Cessna,OB-2228,SAETA Peru,0.0,near Jeberos,w/o,2022.0,Non-Fatal
2022-10-18,Beechcraft,C6-OFM,Flamingo Air Charter,0.0,Black Point Airstrip (MYEB),sub,2022.0,Non-Fatal
2022-10-19,de Havilland Canada DHC-8-314 Dash 8,C-GJYZ,Perimeter Aviation,0.0,"Sandy Lake Airport, ON (ZSJ)",sub,2022.0,Non-Fatal
2022-10-22,Boeing,EI-EKJ,Ryanair,0.0,Agadir-Al Massira International Airport (AGA/GMAA),non,2022.0,Non-Fatal
2022-10-23,Airbus,HL7525,Korean Air,0.0,Mactan-Cebu International Airport (CEB),sub,2022.0,Non-Fatal
2022-10-25,Cessna,PK-RVA,Reven Global Transpor,0.0,Ilaga Airport (ILA/WABL),sub,2022.0,Non-Fatal
2022-10-27,Canadair,I-DPCN,Vigili del Fuoco,2.0,"near Linguaglossa, Sicily",w/o,2022.0,Fatal
2022-10-28,Embraer,FAU-583,Fuerza Aérea Uruguaya - FAU,0.0,Montevideo-Carrasco Airport (MVD),sub,2022.0,Non-Fatal
2022-11-02,Airbus,N519NK,Spirit Airlines,0.0,"near New Orleans, LA",non,2022.0,Non-Fatal
2022-11-03,Eclipse,N150NE,Elite Flight Travel,0.0,"Mesa-Falcon Field, AZ (MSC)",sub,2022.0,Non-Fatal
2022-11-03,Let,9S-GPK,Goma Express,3.0,c 115 km ESE of Kasese,w/o,2022.0,Fatal
2022-11-06,Cessna,AMB 0956,Aviación Militar Bolivariana,5.0,3 km from Puerto Ayacucho Airport (PYH),w/o,2022.0,Fatal
2022-11-06,ATR,5H-PWF,Precision Air,19.0,off Bukoba Airport (BKZ),sub,2022.0,Fatal
2022-11-07,ATR,JA06JC,Japan Air Commuter,0.0,Kagoshima Airport (KOJ/RJFK),non,2022.0,Non-Fatal
2022-11-09,Boeing,N963WN,Southwest Airlines,0.0,"Chicago-O'Hare International Airport, IL (ORD/KORD)",sub,2022.0,Non-Fatal
2022-11-09,Boeing,N909NN,American Airlines,0.0,"Chicago-O'Hare International Airport, IL (ORD/KORD)",sub,2022.0,Non-Fatal
2022-11-10,Boeing,N316SE,American Airlines,0.0,"SE of Miami, FL",non,2022.0,Non-Fatal
2022-11-14,Antonov,CU-A1885,Risk Mondial Aviation & Recovery,0.0,"W of Miami-Dade County, FL",sub,2022.0,Non-Fatal
2022-11-15,Honda HA-420 HondaJet,N789RJ,Andersen Air LLC,0.0,"Salt Lake City International Airport, UT (SLC)",sub,2022.0,Non-Fatal
2022-11-15,Fairchild,N247DH,Ameriflight,0.0,"Pewaukee, WI",sub,2022.0,Non-Fatal
2022-11-17,Embraer,C6-CAB,LeAir Charter Services,0.0,Nassau-Lynden Pindling International Airport (NAS/MYNN),min,2022.0,Non-Fatal
2022-11-17,Beechcraft,VH-NYA,Penjet Pty Ltd,0.0,"Fortnum Airport (YFOR), Fortnum, WA",sub,2022.0,Non-Fatal
2022-11-18,Cessna,N2069B,Raisbeck Engineering,4.0,"near Snohomish, WA",w/o,2022.0,Fatal
2022-11-19,Airbus,N330NW,Delta Air Lines,0.0,"near Omaha-Eppley Airfield (OMA/KOMA), Omaha, NE",sub,2022.0,Non-Fatal
2022-11-20,Boeing,TF-BBM,"Bluebird Cargo, opf ASL Airlines Belgium",0.0,Paris-Charles de Gaulle Airport (CDG),sub,2022.0,Non-Fatal
2022-11-25,Cirrus,N15VJ,Verijet,0.0,"1,6 km SW of Indianapolis Regional Airport, IN",sub,2022.0,Non-Fatal
2022-11-28,Airbus,PR-AIY,Azul Linhas Aéreas Brasileiras,0.0,"near Manaus, AM",non,2022.0,Non-Fatal
2022-11-29,Boeing,N946WN,Southwest Airlines,0.0,"near Denver, CO",non,2022.0,Non-Fatal
2022-11-29,Learjet,N988MC,Jett Aircraft,0.0,"Batesville Regional Airport, AR (BVX)",sub,2022.0,Non-Fatal
2022-11-30,Learjet,N12FN,Aery Aviation,0.0,"Newport News/Williamsburg International Airport, VA (PHF)",sub,2022.0,Non-Fatal
2022-12-01,Learjet,N979RF,"REVA, Inc.",0.0,Guantánamo Naval Air Station (NBW),sub,2022.0,Non-Fatal
2022-12-03,Embraer,N85356,Mesa Airlines,0.0,"Taneytown, MD",non,2022.0,Non-Fatal
2022-12-07,British Aerospace,CC-ACO,Antarctic Airways,0.0,Iquique-Diego Aracena International Airport (IQQ/SCDA),sub,2022.0,Non-Fatal
2022-12-08,Boeing,N649UA,United Airlines,0.0,"near Albany, NJ",non,2022.0,Non-Fatal
2022-12-15,Swearingen,N398KL,Key Lime Air,0.0,"Wichita Dwight D. Eisenhower National Airport, KS (ICT)",sub,2022.0,Non-Fatal
2022-12-17,de Havilland Canada DHC-8-402QPF Dash 8,5Y-VVY,Blue Bird Aviation,0.0,Abudwak Airstrip,sub,2022.0,Non-Fatal
2022-12-18,Airbus,N393HA,Hawaiian Airlines,0.0,"65 nm NNE of Maui, HI",min,2022.0,Non-Fatal
2022-12-18,Boeing,N87531,United Airlines,0.0,"near Cobán, Alta Verapaz",non,2022.0,Non-Fatal
2022-12-22,Boeing,C-FVNF,Air Canada,0.0,45 nm E of Tokyo-Narita Airport (NRT/RJAA),unk,2022.0,Non-Fatal
2022-12-23,de Havilland Canada DHC-6 Twin Otter 300,PK-OTY,Rimbun Air,0.0,Moanemani Airport (ONI),sub,2022.0,Non-Fatal
2022-12-24,Gulfstream,N456FX,Flexjet LLC,0.0,"Miami, Florida",non,2022.0,Non-Fatal
2022-12-26,Boeing,ET-APL,Ethiopian Airlines,0.0,Mogadishu Aden Adde International Airport (MGQ/HCMM),sub,2022.0,Non-Fatal
2022-12-26,Boeing,EI-HEY,Ryanair,0.0,Bremen Airport (BRE/EDDW),non,2022.0,Non-Fatal
2022-12-26,Boeing,C5-MAB,"Tarco Aviation, lsf Mid Africa Aviation",0.0,Mogadishu Aden Adde International Airport (MGQ),sub,2022.0,Non-Fatal
2022-12-27,Embraer,N16DF,Skystallion LLC,0.0,"Hawthorne Airport, CA (HHR)",sub,2022.0,Non-Fatal
2022-12-30,Canadair,XB-SGV,private,2.0,near Venado,w/o,2022.0,Fatal
2022-12-31,Cessna,5X-GBR,BAR Aviation,0.0,Mweya Airport (HUMW),w/o,2022.0,Non-Fatal
2021-01-02,Beechcraft,N831WP,"Vagus Group, Inc.",0.0,"White Plains-Westchester County Airport, NY (HPN)",min,2021.0,Non-Fatal
2021-01-02,Learjet,PP-BBV,Brasil Vida Táxi Aéreo,0.0,"Diamantina Airport, MG (DTI)",sub,2021.0,Non-Fatal
2021-01-09,Cessna,N3RB,SX Transport LLC,1.0,"23 km SE of Pine Grove, OR",w/o,2021.0,Fatal
2021-01-09,Boeing,PK-CLC,Sriwijaya Air,62.0,19 km NE of Jakarta-Soekarno-Hatta International Airport (CGK),w/o,2021.0,Fatal
2021-01-17,Boeing,A6-EPN,Emirates,0.0,Nicosia FIR,non,2021.0,Non-Fatal
2021-01-19,Avro RJ85,G-JOTR,Jota Aviation,0.0,London-Biggin Hill Airport (BQH),sub,2021.0,Non-Fatal
2021-01-19,Boeing,G-JMCY,West Atlantic UK,0.0,Exeter Airport (EXT/EGTE),sub,2021.0,Non-Fatal
2021-01-23,Canadair,N275JP,Global Avionics LLC,0.0,Los Mochis-Federal Airport (LMM),unk,2021.0,Non-Fatal
2021-01-23,North American Rockwell Sabreliner 60,XB-JMR,Aviacion Ejecutiva del Bajio,0.0,"Rocky Point, Clarendon",sub,2021.0,Non-Fatal
2021-01-24,Raytheon,N476BJ,Martinair Inc.,0.0,"Binghamton Airport, NY (BGM)",sub,2021.0,Non-Fatal
2021-01-26,Harbin,AF-222,Zambian Air Force,0.0,Mukinge Mission Airstrip,sub,2021.0,Non-Fatal
2021-01-28,Beechcraft,N217US,MM-Air LLC,0.0,"Davenport Airport, IA (DVN)",sub,2021.0,Non-Fatal
2021-02-01,Boeing,JA13KZ,Nippon Cargo Airlines,0.0,Tokyo-Narita International Airport (NRT/RJAA),sub,2021.0,Non-Fatal
2021-02-08,Airbus,N918NK,Spirit Airlines,0.0,"Fort Lauderdale, Florida",non,2021.0,Non-Fatal
2021-02-08,Embraer,9H-FAM,Luxwing,0.0,Paris-Le Bourget Airport (LBG),sub,2021.0,Non-Fatal
2021-02-09,Antonov,RF-95416,Russian Air Force,0.0,Iturup Airport (ITU),sub,2021.0,Non-Fatal
2021-02-10,Airbus,HZ-FAB,Flyadeal,0.0,Abha International Airport (OHB),sub,2021.0,Non-Fatal
2021-02-13,Dassault,N823RC,Aerospike Iron LLC,0.0,"San Diego-Montgomery-Gibbs Executive Airport, CA (MYF)",sub,2021.0,Non-Fatal
2021-02-14,de Havilland Canada DHC-6 Twin Otter 300,8Q-RAE,Manta Air,0.0,Malé-Velana International Airport (MLE),sub,2021.0,Non-Fatal
2021-02-15,de Havilland Canada DHC-6 Twin Otter 300,F-RACA,Armée de l'air et de l'espace,0.0,Blois-Le-Breuil airfield (LFOQ),sub,2021.0,Non-Fatal
2021-02-18,Learjet,N559RA,Royal Air Freight,0.0,"Jeffersonville-Clark Regional Airport, IN (JVY)",sub,2021.0,Non-Fatal
2021-02-20,Boeing,VT-GHE,Air India Express,0.0,Vijayawada Airport (VGA),sub,2021.0,Non-Fatal
2021-02-20,de Havilland Canada DHC-3T Vazar Turbine Otter,C-FFVZ,Wings Over Kississing,0.0,"Kaskattama Airstrip, MB",sub,2021.0,Non-Fatal
2021-02-21,Learjet,3912,Fuerza Aérea Mexicana,6.0,near Xalapa Airport (JAL),w/o,2021.0,Fatal
2021-02-21,Beechcraft,NAF201,Nigerian Air Force - NAF,7.0,NE of Abuja-Nnamdi Azikiwe International Airport (ABV),w/o,2021.0,Fatal
2021-02-26,Antonov,UP-A0351,Asia Continental Airlines,0.0,near Boraldai,sub,2021.0,Non-Fatal
2021-02-28,Douglas,HK-2006,ALIANSA Colombia,0.0,Monfort Airport (MFB),sub,2021.0,Non-Fatal
2021-03-01,ATR,7T-VUK,Air Algérie,0.0,Ghardaïa-Noumérat Airport (GHA),unk,2021.0,Non-Fatal
2021-03-01,Beechcraft,B-10GD,"Beidahuang General Airlines, opf China Met, Administration",5.0,"Shanghu, Ji'an County",w/o,2021.0,Fatal
2021-03-02,Let,(HK-4274),South Sudan Supreme Airlines,10.0,Pieri,w/o,2021.0,Fatal
2021-03-04,Fokker,EP-CFM,Iran Air,0.0,Isfahan Airport,non,2021.0,Non-Fatal
2021-03-07,Embraer,N233SW,Berry Aviation,0.0,"Detroit-Willow Run Airport, MI (YIP)",sub,2021.0,Non-Fatal
2021-03-10,Cessna,PK-MAD,Mission Aviation Fellowship - MAF,0.0,Angguruk Airstrip,sub,2021.0,Non-Fatal
2021-03-12,Cessna,N407GV,Grant Aviation,0.0,"Chevak Airport, AK (VAK)",sub,2021.0,Non-Fatal
2021-03-13,Antonov,02 white,Kazakhstan Border Guards,4.0,Almaty Airport (ALA),w/o,2021.0,Fatal
2021-03-15,Boeing,N789AN,American Airlines,0.0,"Fort Worth, Texas",non,2021.0,Non-Fatal
2021-03-16,Bombardier,N706SK,Skywest Airlines,0.0,"Los Angeles International Airport, CA (LAX/KLAX)",non,2021.0,Non-Fatal
2021-03-18,Airbus,XA-VAZ,Viva Aerobus,0.0,Puerto Vallarta-Gustavo D. Ordaz Airport (PVR),sub,2021.0,Non-Fatal
2021-03-19,Antonov,YV3312,Venezuela Flight Canaima,0.0,Kapaure,sub,2021.0,Non-Fatal
2021-03-20,Cessna,5Y-JKN,Aeronav Air Services,2.0,"3,5 km SW of Marsabit Airport (RBT)",w/o,2021.0,Fatal
2021-03-20,Boeing,PK-YSF,Trigana Air Service,0.0,Jakarta-Halim Perdana Kusuma Airport (HLP),sub,2021.0,Non-Fatal
2021-03-23,Saab,SP-KPU,SprintAir,0.0,Gdansk-Lech Walesa Airport (GDN),sub,2021.0,Non-Fatal
2021-03-26,Beechcraft,5Y-NJS,West Wind Aviation Ltd.,0.0,Nairobi,w/o,2021.0,Non-Fatal
2021-03-28,Embraer,N650AE,"American Eagle , opb Piedmont Airlines",0.0,"Charlotte-Douglas International Airport, NC (CLT/KCLT)",non,2021.0,Non-Fatal
2021-04-02,Boeing,9H-QCJ,Malta Air,0.0,Malta-Luqa Airport (MLA),min,2021.0,Non-Fatal
2021-04-03,Cessna,N215MC,Everts Air Cargo,0.0,"Fairbanks International Airport, AK (FAI/PAFA)",sub,2021.0,Non-Fatal
2021-04-08,Antonov,RA-40...,Unknown,0.0,Omsk,w/o,2021.0,Non-Fatal
2021-04-09,Boeing,10-0223,United States Air Force - USAF,0.0,"Charleston AFB, SC (CHS)",sub,2021.0,Non-Fatal
2021-04-14,Cessna,JA001T,private,0.0,"3,7 km W of Osaka/Yao Airport (RJOY)",sub,2021.0,Non-Fatal
2021-04-15,Learjet,N354EF,Med Air Inc,0.0,"Colorado Springs Airport, CO (COS/KCOS)",sub,2021.0,Non-Fatal
2021-04-16,Beechcraft,N991AK,Lake Clark Air,0.0,"Chignik-Lagoon Airport, AK (KCL)",sub,2021.0,Non-Fatal
2021-04-18,Learjet,XB-PIZ,Unknown,0.0,Toluca-Licenciado Adolfo López Mateos International Airport (TLC),sub,2021.0,Non-Fatal
2021-04-20,Learjet,PR-MLA,Eletric Power Construção,1.0,"Belo Horizonte/Pampulha - Carlos Drummond de Andrade Airport, MG (PLU)",w/o,2021.0,Fatal
2021-04-26,Cessna,N143CA,Haugland Group Aviation LLC,0.0,"near Laceyville, PA",sub,2021.0,Non-Fatal
2021-05-01,Cessna,N803SC,STB Aviation LLC,0.0,"Charleston Executive Airport, SC (KJZI)",sub,2021.0,Non-Fatal
2021-05-05,Gulfstream,N22ST,TLD Aviation I LLC,0.0,"Ridgeland Airport, SC",sub,2021.0,Non-Fatal
2021-05-06,Beechcraft,VT-MPQ,Government of Madhya Pradesh,0.0,Gwalior Airport (GWL),sub,2021.0,Non-Fatal
2021-05-10,ATR,B-17010,Uni Air,0.0,Nangang Island-Matsu Nangan Airport (LZN),sub,2021.0,Non-Fatal
2021-05-12,Boeing,EI-EGA,Ryanair,0.0,Alicante Airport (ALC/LEAL),non,2021.0,Non-Fatal
2021-05-12,Swearingen,N280KL,Key Lime Air,0.0,"5,9km N of Denver-Centennial Airport, CO (APA)",sub,2021.0,Non-Fatal
2021-05-13,Cessna,CC-DBB,Skydive Andes,0.0,Melipilla-Los Cuatro Diablos Airport (SCME),unk,2021.0,Non-Fatal
2021-05-19,Hawker,XB-R..,private,0.0,"Sayaxché, Petén",w/o,2021.0,Non-Fatal
2021-05-20,IAI,N388WA,private,0.0,"Parque Laguna del Tigre, San Andrés, Petén",sub,2021.0,Non-Fatal
2021-05-21,Boeing,N289CT,Southwest Airlines,0.0,"Chicago-O'Hare International Airport, IL (ORD/KORD)",min,2021.0,Non-Fatal
2021-05-21,Antonov,RA-33373,Utair,0.0,Laytamak Airstrip,sub,2021.0,Non-Fatal
2021-05-21,Beechcraft,NAF203,Nigerian Air Force - NAF,11.0,near Kaduna Airport (KAD),w/o,2021.0,Fatal
2021-05-28,Boeing,HL7528,Asiana Airlines,0.0,"over Yesan , Chungcheongnam-do",non,2021.0,Non-Fatal
2021-05-28,Boeing,N834NN,American Airlines,0.0,"Dallas/Fort Worth International Airport, TX (DFW/KDFW)",sub,2021.0,Non-Fatal
2021-05-29,Cessna,N66BK,JL&GL Productions LP,7.0,"near Smyrna Airport, TN (MQY)",w/o,2021.0,Fatal
2021-05-30,ATR,SX-THR,Sky Express,0.0,Alexandroupolis-Demokritos Airport (AXD),sub,2021.0,Non-Fatal
2021-06-02,Beechcraft,N219VP,Alpine Air Express,0.0,"Denver International Airport, CO (DEN/KDEN)",sub,2021.0,Non-Fatal
2021-06-03,Cessna,PK-DPT,Dabi Air Nusantara,0.0,Ilaga Airport (ILA),w/o,2021.0,Non-Fatal
2021-06-04,Honda HA-420 HondaJet,N10XN,GF Aviation LLC,0.0,"Atlanta-Cobb County-Mc Collum Field, GA (KRYY)",sub,2021.0,Non-Fatal
2021-06-05,Cessna,N103AN,Paraclub Wiener Neustadt,0.0,Wiener Neustadt West Air Base,sub,2021.0,Non-Fatal
2021-06-07,Boeing,VT-TGE,Vistara,0.0,W of Kolkata,non,2021.0,Non-Fatal
2021-06-10,Beechcraft,4610,Tatmadaw Lei (Myanmar Air Force),12.0,near Pyin Oo Lwin,w/o,2021.0,Fatal
2021-06-13,Boeing,EI-EVE,Ryanair,0.0,Málaga-Costa del Sol Airport (AGP/LEMG),non,2021.0,Non-Fatal
2021-06-14,ATR,VT-IYX,IndiGo Airlines,0.0,Hubli Airport (HBX),sub,2021.0,Non-Fatal
2021-06-16,Let,9S-GRJ,Kin Avia,3.0,near Bukavu-Kavumu Airport (BKY),w/o,2021.0,Fatal
2021-06-18,Boeing,G-ZBJB,British Airways,0.0,London Heathrow Airport (LHR),sub,2021.0,Non-Fatal
2021-06-19,Let,RF-94603,DOSAAF,5.0,near Tanay Airfield,w/o,2021.0,Fatal
2021-06-21,Rockwell,XB-OXV,private,0.0,within Jesús María Semprún,w/o,2021.0,Non-Fatal
2021-06-23,Gulfstream,M-ISTY,INEOS Aviation,0.0,Genève-Cointrin Airport (GVA/LSGG),sub,2021.0,Non-Fatal
2021-06-24,Antonov,RA-01430,private,0.0,"3,5 km W of Zaboyskiy, Slavyansky district",sub,2021.0,Non-Fatal
2021-06-25,Airbus,N926UW,American Airlines,0.0,"New Orleans, Louisiana",non,2021.0,Non-Fatal
2021-06-25,Shorts,N970AA,Air Cargo Carriers,0.0,"Las Vegas-McCarran International Airport, NV (LAS)",sub,2021.0,Non-Fatal
2021-06-25,Cessna,PH-FST,Skydive Teuge,0.0,2 km W of Teuge Airport,sub,2021.0,Non-Fatal
2021-06-29,Airbus,F-HTYH,Air France,0.0,Paris-Charles de Gaulle Airport (CDG/LFPG),non,2021.0,Non-Fatal
2021-07-01,Convair,C-FKFL,Conair,0.0,"Penticton Airport, BC (YYF)",sub,2021.0,Non-Fatal
2021-07-01,Convair,C-FHKF,Conair,0.0,"Penticton Airport, BC (YYF)",min,2021.0,Non-Fatal
2021-07-02,Boeing,N810TA,Transair (Cargo),0.0,"9 km WSW off Honolulu-Daniel K. Inouye International Airport, HI (HNL)",w/o,2021.0,Non-Fatal
2021-07-02,Cessna,SX-ECI,Hellenic CAA,0.0,Paphos International Airport (PFO/LCPH),sub,2021.0,Non-Fatal
2021-07-04,Airbus,N156AN,American Airlines,0.0,"Miami, Florida",non,2021.0,Non-Fatal
2021-07-04,Antonov,UP-A0135,ELISA,0.0,"12 km from Karaultobe, Kyzylorda",sub,2021.0,Non-Fatal
2021-07-05,IAI,N790JR,Transenergie Inc,2.0,near Treasure Cay Airport (TCB),w/o,2021.0,Fatal
2021-07-06,ATR,C-GLDE,Transwest Air,0.0,"120 nm from Saskatoon, SK",non,2021.0,Non-Fatal
2021-07-06,Antonov,RA-26085,Kamchatka Aviation Enterprise,28.0,"3,8 km NW of Palana Airport",w/o,2021.0,Fatal
2021-07-08,Douglas,HK-2820,ALIANSA Colombia,3.0,"13,5 km N of Villavicencio-La Vanguardia Airport (VVC)",w/o,2021.0,Fatal
2021-07-11,Airbus,D-AICP,Condor Flugdienst,0.0,Kavala-Megas Alexandros Airport (KVA),sub,2021.0,Non-Fatal
2021-07-11,de Havilland Canada DHC-3T Vazar Turbine Otter,C-FLLL,Northwestern Air,0.0,"31,5 km ENE of Fort Smith, NT",sub,2021.0,Non-Fatal
2021-07-11,Cessna,C-GUAY,Air Tunilik,0.0,"Rex North Mining Camp, QC",sub,2021.0,Non-Fatal
2021-07-14,Cessna,8R-ABK,Jags Aviation,0.0,Eteringbang Airport (SYET),sub,2021.0,Non-Fatal
2021-07-15,de Havilland Canada DHC-3T Vazar Turbine Otter,C-GUTW,Harbour Air,0.0,"Ganges Harbor Airport, BC (YGG)",sub,2021.0,Non-Fatal
2021-07-15,Cessna,C-GIGO,Seair Seaplanes,0.0,"Ganges Harbor Airport, BC (YGG)",sub,2021.0,Non-Fatal
2021-07-16,Antonov,RA-28728,SiLA - Siberian Light Aviation,0.0,52 km SE of Kedrovo,sub,2021.0,Non-Fatal
2021-07-17,Cessna,G-OJMP,GoSkydive,0.0,Old Sarum Airfield,sub,2021.0,Non-Fatal
2021-07-18,ATR,EC-MSN,"Air Europa Express, opb Aeronova",0.0,Madrid-Barajas Adolfo Suárez Airport (MAD),sub,2021.0,Non-Fatal
2021-07-20,British Aerospace,N611MC,private,0.0,"Jesús María Semprún, Zulia",w/o,2021.0,Non-Fatal
2021-07-21,Cessna,N46CF,PV Transport Inc,0.0,"Reading Regional Airport/Spaatz Field, PA (RDG)",sub,2021.0,Non-Fatal
2021-07-21,de Havilland Canada DHC-8-106,5Y-GRS,Skyward Express,0.0,Burahache Airstrip,sub,2021.0,Non-Fatal
2021-07-22,Airbus,N376DN,Delta Air Lines,0.0,"Detroit-Metropolitan Wayne County Airport, MI (DTW/KDTW)",non,2021.0,Non-Fatal
2021-07-25,Boeing,SE-RPE,Norwegian Air Sweden,0.0,near Nice Airport,non,2021.0,Non-Fatal
2021-07-26,Bombardier,N605TR,Aeolus Air Charter,6.0,"Truckee Airport, CA (TKF)",w/o,2021.0,Fatal
2021-07-26,Cessna,D-FLEC,Skydive Binz,1.0,S off Norderney Airfield (NRD),w/o,2021.0,Fatal
2021-07-27,Cessna,ET-AMI,"Abyssinian Flight Services, opf UNWorld Food Programme",0.0,near Kombolcha,w/o,2021.0,Non-Fatal
2021-07-31,Boeing,EI-EPC,Ryanair,0.0,near Barcelona-El Prat Josep Tarradellas Airport (BCN/LEBL),non,2021.0,Non-Fatal
2021-08-03,Airbus,D-AEAE,European Air Transport,0.0,Lagos-Murtala Muhammed International Airport (LOS),sub,2021.0,Non-Fatal
2021-08-09,Gulfstream,XB-OZA,private,0.0,within Jesús María Semprún,w/o,2021.0,Non-Fatal
2021-08-11,McDonnell Douglas,N296UP,United Parcel Service - UPS,0.0,"Phoenix-Sky Harbor International Airport, AZ (PHX)",sub,2021.0,Non-Fatal
2021-08-12,Shijiazhuang,B-8440,Northeast General Aviation Co.,0.0,"Nengbei Farm, Heilongjiang Province",w/o,2021.0,Non-Fatal
2021-08-14,Britten-Norman,8R-GRE,Roraima Airways,0.0,7 nm S of Georgetown International Airport (OGL),min,2021.0,Non-Fatal
2021-08-14,Bombardier,9S-AAN,Congo Airways,0.0,Lubumbashi International Airport (FBM/FZQA),min,2021.0,Non-Fatal
2021-08-14,Beriev Be-200ChS,RF-88450,Russian Navy,8.0,near Kahramanmaras,w/o,2021.0,Fatal
2021-08-16,Cessna,N97HA,Wright Air Service,0.0,"near Fairbanks, AK",sub,2021.0,Non-Fatal
2021-08-17,Ilyushin,41400,United Aircraft Corporation,3.0,near Kubinka AFB,w/o,2021.0,Fatal
2021-08-21,Airbus,N806AW,American Airlines,0.0,"Chicago-O'Hare International Airport, IL (ORD/KORD)",non,2021.0,Non-Fatal
2021-08-21,de Havilland Canada DHC-3T Turbine Otter,N560TR,Brooks Range Aviation,0.0,"near Bethel, AK",sub,2021.0,Non-Fatal
2021-08-21,Gulfstream,N277GM,SN 1124 LLC,0.0,"Fort Lauderdale-Executive Airport, FL (FXE)",sub,2021.0,Non-Fatal
2021-08-23,Boeing,N479AS,Alaska Airlines,0.0,"Seattle/Tacoma International Airport, WA (SEA/KSEA)",non,2021.0,Non-Fatal
2021-08-24,Cirrus,N1GG,N1GG LLC,0.0,"Lansing-Capital Region International Airport, MI (LAN)",w/o,2021.0,Non-Fatal
2021-08-25,Beechcraft,C-GDSG,SkyJet,0.0,"Chevery Airport, QC (YHR/CYHR)",sub,2021.0,Non-Fatal
2021-08-26,Embraer,N413N,Nicholas Services LLC,0.0,"Elk River, NC (NC06)",sub,2021.0,Non-Fatal
2021-08-27,Bombardier,C-FOJZ,Air Canada,0.0,"Vancouver International Airport, BC (YVR/CYVR)",min,2021.0,Non-Fatal
2021-09-01,Boeing,N196DN,Delta Air Lines,0.0,"Seattle/Tacoma International Airport, WA (SEA/KSEA)",non,2021.0,Non-Fatal
2021-09-02,Cessna,N560AR,Brook Haven Properties LLC,4.0,"0,4 km N of Plainville-Robertson Airport, CT",w/o,2021.0,Fatal
2021-09-03,Raytheon,N351CW,PB Air LLC,0.0,"Naples Airport, FL (APF)",sub,2021.0,Non-Fatal
2021-09-04,ATR,VT-IYM,IndiGo Airlines,0.0,en route Tiruchirappalli-Bengaluru,non,2021.0,Non-Fatal
2021-09-04,Cessna,N827JS,Fly Exclusive,0.0,"near Salt Lake City International Airport, UT (SLC)",sub,2021.0,Non-Fatal
2021-09-12,Let,RA-67042,"Aeroservice, opf SiLA - Siberian Light Aviation",4.0,3 km N of Kazachinskoye Airport,w/o,2021.0,Fatal
2021-09-14,Raytheon,N100FN,Meander Air II LLC,0.0,"between Youngstown, OH and Charleston, SC",sub,2021.0,Non-Fatal
2021-09-14,Beechcraft,PS-CSM,CSM Agropecuária,7.0,"1,5 km N of Piracicaba Airport, SP (QHB)",w/o,2021.0,Fatal
2021-09-15,Airbus,OE-LBY,Austrian Airlines,0.0,Berlin Brandenburg-Willy Brandt Airport (BER),sub,2021.0,Non-Fatal
2021-09-15,de Havilland Canada DHC-6 Twin Otter 300,PK-OTW,Rimbun Air,3.0,"3,4 km from Bilogai/Sugapa Airport (ZGP)",w/o,2021.0,Fatal
2021-09-17,Canadair,N444ZW,"United Express, opb Air Wisconsin",0.0,"Asheville Regional Airport, NC (AVL)",sub,2021.0,Non-Fatal
2021-09-20,Learjet,ZS-SFV,Impuma Group,0.0,Lanseria International Airport (HLA),sub,2021.0,Non-Fatal
2021-09-22,Antonov,RA-26673,LPS Flight Checks & Systems,6.0,40 km SW of Khabarovsk,w/o,2021.0,Fatal
2021-09-23,Airbus,N208HA,Hawaiian Airlines,0.0,"Honolulu-Daniel K. Inouye International Airport, HI (HNL)",sub,2021.0,Non-Fatal
2021-09-25,Cessna,OO-FFB,Paracentrum Vlaanderen,0.0,Moorsele Airfield (EBMO),sub,2021.0,Non-Fatal
2021-09-27,Saab,UR-ALG,"STP Airways, lsf AeroJet",0.0,São Tomé Island Airport (TMS/FPST),sub,2021.0,Non-Fatal
2021-09-27,Boeing,N12125,United Airlines,0.0,"Newark-Liberty International Airport, NJ (EWR)",sub,2021.0,Non-Fatal
2021-09-28,IAI,PR-BVB,Brasil Vida Táxi Aéreo,0.0,"Goiânia-Santa Genoveva Airport, GO (GYN)",sub,2021.0,Non-Fatal
2021-09-29,Britten-Norman,J8-VBI,SVG Air,0.0,Montserrat-John A. Osborne Airport (MNI),sub,2021.0,Non-Fatal
2021-10-01,Embraer,N730YX,"United Express, opb Republic Airlines",0.0,"Chicago-O'Hare International Airport, IL (ORD/KORD)",sub,2021.0,Non-Fatal
2021-10-01,Embraer,N142SY,"United Express, opb SkyWest Airlines",0.0,"Chicago-O'Hare International Airport, IL (ORD/KORD)",min,2021.0,Non-Fatal
2021-10-05,Dassault,N283SA,Sierra West Airlines,2.0,"1,3 km W of Thomson-McDuffie County Airport, GA",w/o,2021.0,Fatal
2021-10-08,Boeing,N8642E,Southwest Airlines,0.0,"Lexington, Virginia",non,2021.0,Non-Fatal
2021-10-08,Learjet,unreg.,private,0.0,"near Little Belize, Corozal",w/o,2021.0,Non-Fatal
2021-10-10,Let,RF-94591,DOSAAF,16.0,"1,7 km E of Menzelinsk Airport",w/o,2021.0,Fatal
2021-10-13,Bombardier,9H-VJM,VistaJet,0.0,Johannesburg-O.R. Tambo International Airport (JNB),sub,2021.0,Non-Fatal
2021-10-14,Antonov,N857PF,private,0.0,"near Wilton-Alta Mesa Airpark, CA",w/o,2021.0,Non-Fatal
2021-10-18,Beechcraft,N996LM,Lowcountry Aviation Co Brokerage LLC,0.0,"Mount Pleasant Regional-Faison field, SC (KLRO)",sub,2021.0,Non-Fatal
2021-10-19,Antonov,RA-33350,AeroUral,0.0,"near Alapayevsk, Sverdlovsk region",sub,2021.0,Non-Fatal
2021-10-19,Rockwell,XB-ETV,private,0.0,Jacmel Airport (JAK),sub,2021.0,Non-Fatal
2021-10-19,McDonnell Douglas,N987AK,987 Investments LLC,0.0,"Houston Executive Airport, TX (KTME)",w/o,2021.0,Non-Fatal
2021-10-22,Embraer,N925DR,Scout About LLC,0.0,"Orlando International Airport, FL (MCO)",sub,2021.0,Non-Fatal
2021-10-22,Cessna,N754KP,Alaska Seaplanes,0.0,"Juneau International Airport, AK (JNU)",sub,2021.0,Non-Fatal
2021-10-23,Embraer,N252NN,"Envoy Air, opf American Eagle",0.0,"Miami International Airport, FL (MIA/KMIA)",non,2021.0,Non-Fatal
2021-10-25,Cessna,PK-SNN,Smart Cakrawala Aviation,1.0,Ilaga Airport (ILA),w/o,2021.0,Fatal
2021-10-29,Cessna,PK-RVH,Reven Global Transpor,0.0,Dagi Baru Airstrip,w/o,2021.0,Non-Fatal
2021-10-30,Beechcraft,C-GEHS,"PAL Airlines, opf EHS LifeFlight Services",0.0,"Halifax-Stanfield International Airport, NS (YHZ/CYHZ)",sub,2021.0,Non-Fatal
2021-11-01,de Havilland Canada DHC-6 Twin Otter 300,C-GNPS,Air Tindi,0.0,"12,4 km NW of Fort Providence, NT",sub,2021.0,Non-Fatal
2021-11-02,Antonov,TR-NGT,"Optimum Aviation, opf Euro Airlines",5.0,"2,5 km N of Juba Airport (JUB)",w/o,2021.0,Fatal
2021-11-03,Antonov,EW-518TI,Grodno Aircompany,9.0,3 km SE of Irkutsk Airport (IKT),w/o,2021.0,Fatal
2021-11-03,Transall C-160NG,EY-360,Safe Air Company (SAC),0.0,Dolow Airport,w/o,2021.0,Non-Fatal
2021-11-05,Gulfstream,N42FL,private,0.0,"near Victoria 3, Retalhuleu",w/o,2021.0,Non-Fatal
2021-11-06,Antonov,YR-PMW,Asociatia Club Sportiv Skydiving Center,0.0,Letca Noua Airfield,sub,2021.0,Non-Fatal
2021-11-13,Britten-Norman,N866JA,Island Airways,4.0,"0,1 km S of Beaver Island-Welke Airport, MI",w/o,2021.0,Fatal
2021-11-14,IAI,N771DX,EMD Astra Holdings LLC,0.0,"Las Vegas-North Air Terminal, NV (VGT)",sub,2021.0,Non-Fatal
2021-11-21,Bombardier,N743QS,NetJets,0.0,50 km N of Turks and Caicos Islands,non,2021.0,Non-Fatal
2021-11-25,Airbus,PR-YRH,Azul Linhas Aéreas Brasileiras,0.0,"Cuiabá-Marechal Rondon International Airport, MT (CGB/SBCY)",non,2021.0,Non-Fatal
2021-11-28,Beechcraft,N71VT,Western Wings Corp,0.0,"Eugene Airport, OR (EUG)",sub,2021.0,Non-Fatal
2021-11-29,Boeing,N705CK,Kalitta Air,0.0,"between Santiago and Miami, FL",sub,2021.0,Non-Fatal
2021-12-01,Cessna,N81CB,private,0.0,"Lake Havasu City Airport, AZ (KHII)",sub,2021.0,Non-Fatal
2021-12-01,Cessna,N9602F,Lake & Peninsula Airlines,0.0,"W of Port Alsworth Airport, AK (PTA)",sub,2021.0,Non-Fatal
2021-12-05,Airbus,F-HNET,Air Caraïbes Atlantique,0.0,near Cayenne,non,2021.0,Non-Fatal
2021-12-05,Cessna,G-IPAX,Air Charter Scotland Ltd.,0.0,Kemi/Tornio Airport (KEM),sub,2021.0,Non-Fatal
2021-12-10,Swearingen,N54GP,Castle Aviation,1.0,"0,6 km SW of Manchester-Boston Regional Airport, NH (MHT/KMHT)",w/o,2021.0,Fatal
2021-12-11,Boeing,EI-EMM,Ryanair,0.0,Dublin Airport (DUB/EIDW),non,2021.0,Non-Fatal
2021-12-12,Airbus,N307FR,Frontier Airlines,0.0,"Las Vegas-McCarran International Airport, NV (LAS)",sub,2021.0,Non-Fatal
2021-12-14,Embraer,PR-TDV,Dimed SA Distribuidora da Medicamentos,0.0,"Santa Rosa Airport, RS (SRA)",sub,2021.0,Non-Fatal
2021-12-15,Gulfstream,HI1050,Helidosa Aviation Group,9.0,Santo Domingo-Las Américas International Airport (SDQ),w/o,2021.0,Fatal
2021-12-17,Beechcraft,C-FSKO,Keewatin Air,0.0,"Sanikiluaq Airport, NU (YSK)",sub,2021.0,Non-Fatal
2021-12-20,Cessna,N287CB,Cottingham & Butler Insurance Services,0.0,"Dubuque, IA",sub,2021.0,Non-Fatal
2021-12-21,Airbus,N2084J,JetBlue Airways,0.0,"New York-John F. Kennedy International Airport, NY (JFK/KJFK)",non,2021.0,Non-Fatal
2021-12-21,Learjet,XA-VDK,private,0.0,Cancún Airport (CUN/MMUN),w/o,2021.0,Non-Fatal
2021-12-23,Shorts,9S-GPS,Malu Aviation,5.0,"14,8 km NW of Shabunda",w/o,2021.0,Fatal
2021-12-25,Airbus,C-GFAF,Air Canada,0.0,"Montreal-Pierre Elliott Trudeau International Airport, QC (YUL)",sub,2021.0,Non-Fatal
2021-12-27,Learjet,N880Z,Aeromedevac Air Ambulance,4.0,"El Cajon, San Diego",w/o,2021.0,Fatal
2021-12-28,Beechcraft,N93GT,Sky-Bound Aviation LLC,0.0,"Helena-Thompson-Robbins Airport, AR (HEE)",sub,2021.0,Non-Fatal
2021-12-28,Cessna,Z-HAC,Halsted Aviation Corporation (HAC),0.0,Bazaruto Island Airport (BZB),w/o,2021.0,Non-Fatal
2021-12-30,Embraer,N633RW,"United Express, opb Republic Airlines",0.0,"Newark-Liberty International Airport, NJ (EWR)",sub,2021.0,Non-Fatal
2021-12-30,Airbus,TC-JOK,THY Turkish Airlines,0.0,"Newark-Liberty International Airport, NJ (EWR)",min,2021.0,Non-Fatal
2021-12-30,Beechcraft,TG-MAM,"Empresas Ginro, S.A.",0.0,Rio Dulce-Las Vegas Airport (LCF),w/o,2021.0,Non-Fatal
2020-01-01,Gulfstream,N962SS,Executive Charters Inc,0.0,"Van Nuys, CA",non,2020.0,Non-Fatal
2020-01-02,Antonov,-,Al Quwwat al-Jawwiya As-Sudaniya (Sudanese Air Force),18.0,5 km from Geneina Airport (EGN),w/o,2020.0,Fatal
2020-01-03,Hawker,N805D,Million Air San Juan,0.0,San Juan-Fernando Luis Ribas Dominicci Airport (SIG),sub,2020.0,Non-Fatal
2020-01-03,Harbin,SCL-857,Sri Lanka Air Force,4.0,"Haputale, Badulla",w/o,2020.0,Fatal
2020-01-04,Beechcraft,N200HF,"L.C. Whitford Co., Inc.",0.0,"Morristown Municipal Airport, NJ (MMU)",sub,2020.0,Non-Fatal
2020-01-05,de Havilland Canada DHC-8-202Q,N8200L,US Special Operations Command (USSOCOM),0.0,Manda Bay-Camp Simba Air Base,w/o,2020.0,Non-Fatal
2020-01-08,Boeing,N929NN,American Airlines,0.0,"New York-La Guardia Airport, NY (LGA)",sub,2020.0,Non-Fatal
2020-01-08,Boeing,UR-PSR,Ukraine International Airlines,176.0,near Sabashahr,w/o,2020.0,Fatal
2020-01-09,Lockheed,403,South African Air Force - SAAF,0.0,Goma Airport (GOM),sub,2020.0,Non-Fatal
2020-01-10,Airbus,N1902U,United Airlines,0.0,"New Orleans, Louisiana",non,2020.0,Non-Fatal
2020-01-10,Airbus,VQ-BRS,Nordwind Airlines,0.0,Antalya Airport (AYT),sub,2020.0,Non-Fatal
2020-01-12,Boeing,HL8243,Jin Air,0.0,30 km northwest of Fukuoka Airport,non,2020.0,Non-Fatal
2020-01-13,Airbus,OH-LXD,Finnair,0.0,Helsinki-Vantaa Airport (HEL/EFHK),non,2020.0,Non-Fatal
2020-01-16,Airbus,A6-EEN,Emirates,0.0,Beira FIR,non,2020.0,Non-Fatal
2020-01-16,Beechcraft,N547LM,LifeMed Alaska,0.0,"NW off Unalaska-Tom Madsen Airport, AK (DUT)",w/o,2020.0,Non-Fatal
2020-01-19,Fairchild,C-GWVH,Perimeter Aviation,0.0,"Shamattawa Airport, MB (ZTM)",sub,2020.0,Non-Fatal
2020-01-20,Boeing,SE-RLC,West Air Sweden,0.0,Roma-Ciampino Airport (CIA/LIRA),sub,2020.0,Non-Fatal
2020-01-20,de Havilland Canada DHC-8-314 Dash 8,C-GXAI,Air Inuit,0.0,"Schefferville Airport, QC (YKL)",sub,2020.0,Non-Fatal
2020-01-23,Cessna,ZS-CAR,South African Civil Aviation Authority,3.0,5 km NW of Friemersheim,w/o,2020.0,Fatal
2020-01-23,Lockheed,N134CG,Coulson Aviation,3.0,"near Cooma, NSW",w/o,2020.0,Fatal
2020-01-24,Gulfstream,N373ML,Compass Aviation LLC,0.0,San Juan-Fernando Luis Ribas Dominicci Airport (SIG),sub,2020.0,Non-Fatal
2020-01-27,Bombardier,11-9358,US Air Force (USAF),2.0,39 km NNW of Sharana FOB,w/o,2020.0,Fatal
2020-01-27,McDonnell Douglas,EP-CPZ,Caspian Airlines,0.0,Bandar Mahshahr Airport (MRX),w/o,2020.0,Non-Fatal
2020-01-28,Boeing,C-GWJU,WestJet,0.0,"Vancouver International Airport, BC (YVR/CYVR)",sub,2020.0,Non-Fatal
2020-01-28,Boeing,C-FZWS,WestJet,0.0,"Vancouver International Airport, BC (YVR/CYVR)",sub,2020.0,Non-Fatal
2020-01-30,Hawker,XA-BNG,ALE - Aerolineas Ejecutivas,0.0,Monterrey-Aeropuerto Del Norte (NTR),w/o,2020.0,Non-Fatal
2020-01-31,Bombardier,C-FKWE,WestJet Encore,0.0,"Terrace Airport, BC (YXT)",sub,2020.0,Non-Fatal
2020-02-01,Boeing,TC-MCT,"ACT Airlines, opf Saudi Arabian Airlines",0.0,Dammam-King Fahad International Airport (DMM/OEDF),sub,2020.0,Non-Fatal
2020-02-02,Airbus,A6-EON,Emirates,0.0,"over Rocky Mountains, Wyoming",non,2020.0,Non-Fatal
2020-02-03,Boeing,N703CK,Kalitta Air,0.0,"Los Angeles International Airport, CA (LAX)",sub,2020.0,Non-Fatal
2020-02-03,Boeing,C-GHOZ,Air Canada,0.0,Madrid-Barajas Adolfo Suárez Airport (MAD),min,2020.0,Non-Fatal
2020-02-04,Cessna,N454SF,Grant Aviation,0.0,"Hooper Bay Airport, AK (HPB)",sub,2020.0,Non-Fatal
2020-02-05,Boeing,TC-IZK,Pegasus Airlines,3.0,Istanbul-Sabiha Gökçen International Airport (SAW),w/o,2020.0,Fatal
2020-02-06,Cessna,N24MG,Redding Aero Enterprises Inc.,0.0,"NW off Eureka-Murray Field, CA (EKA)",sub,2020.0,Non-Fatal
2020-02-07,Bombardier,N610NN,"PSA Airlines, opf American Eagle",0.0,"Waynesville, North Carolina",sub,2020.0,Non-Fatal
2020-02-07,Cessna,N988FX,"Mountain Air Cargo, opf FedEx",0.0,"Baltimore/Washington International Thurgood Marshall Airport, MD (BWI)",sub,2020.0,Non-Fatal
2020-02-07,Boeing,TF-FIA,Icelandair Flugfélag Islands,0.0,Keflavík International Airport (KEF),unk,2020.0,Non-Fatal
2020-02-08,Beechcraft,CC-COT,Transportes Torreon,0.0,Rio Bueno-Fundo Cuincahuin Airstrip,w/o,2020.0,Non-Fatal
2020-02-08,Cessna,N501RG,Remonia Air,4.0,"near Fairmount, GA",w/o,2020.0,Fatal
2020-02-09,Boeing,VQ-BPS,Utair,0.0,Usinsk Airport (USK),sub,2020.0,Non-Fatal
2020-02-12,Cessna,N654CE,SC Cole Aviation LLC,0.0,"over Benbrook, TX",sub,2020.0,Non-Fatal
2020-02-14,Cessna,P2-MAI,Mission Aviation Fellowship - MAF,0.0,Miyanmin Airstrip (MPX),sub,2020.0,Non-Fatal
2020-02-15,Boeing,HL8342,Eastar Jet,0.0,120NM south of Incheon International Airport,non,2020.0,Non-Fatal
2020-02-20,Cessna,N163TC,Private,0.0,"Daytona Beach International Airport, FL (DAB)",sub,2020.0,Non-Fatal
2020-02-20,Beechcraft,N860J,"Lauren Engineers & Constructors, Inc.",3.0,"near Lake Coleman, TX",w/o,2020.0,Fatal
2020-02-20,Antonov,RA-40642,T-Cement,0.0,Magadan-13 Airport (UHMT),sub,2020.0,Non-Fatal
2020-02-21,de Havilland Canada DHC-3T Vazar Turbine Otter,C-FIUZ,Harbour Air,0.0,"Vancouver-Coal Harbour SPB, BC (CXH)",sub,2020.0,Non-Fatal
2020-02-23,Bombardier,C-GKCP,Canadian Pacific Railway Company,0.0,"Calgary International Airport, AB (YYC)",sub,2020.0,Non-Fatal
2020-02-24,de Havilland Canada DHC-6 Twin Otter 300,8Q-MBC,Trans Maldivian Airways,0.0,"Kuredu Island Resort, Lhaviyani Atoll",sub,2020.0,Non-Fatal
2020-02-24,Fairchild,C-GJVB,"Bearskin Airlines, opb Perimeter Aviation",0.0,"Dryden Regional Airport, ON (YHD)",sub,2020.0,Non-Fatal
2020-02-25,Boeing,PK-YSG,Trigana Air Service,0.0,Jayapura-Sentani Airport (DJJ),sub,2020.0,Non-Fatal
2020-02-25,Learjet,N135LR,Expectra Aviation Inc.,0.0,"Belmar/Farmingdale-Monmouth Executive Airport, NJ (BLM)",sub,2020.0,Non-Fatal
2020-02-26,Antonov,UP-A0001,Orlan 2000,0.0,"1,5 km NW of Ust-Kamenogorsk Airport (UKK)",w/o,2020.0,Non-Fatal
2020-02-27,Dassault,N951DJ,private,0.0,"Toronto-Buttonville Airport, ON (YKZ)",w/o,2020.0,Non-Fatal
2020-02-28,Airbus,UP-A3003,Sigma Airlines,0.0,Sharjah Airport (SHJ),sub,2020.0,Non-Fatal
2020-02-29,Learjet,N721EC,East Coast Jets,0.0,"Altoona Airport, PA (AOO)",sub,2020.0,Non-Fatal
2020-03-03,Dassault,N377EF,private,0.0,"Nashville-John C. Tune Airport, TN (KJWN)",sub,2020.0,Non-Fatal
2020-03-03,Cessna,N43NC,private,0.0,"Nashville-John C. Tune Airport, TN (KJWN)",sub,2020.0,Non-Fatal
2020-03-03,Cirrus,N217CB,BBR Air,0.0,"Nashville-John C. Tune Airport, TN (KJWN)",sub,2020.0,Non-Fatal
2020-03-03,Learjet,N890AC,Jetleg Management,0.0,"Nashville-John C. Tune Airport, TN (KJWN)",sub,2020.0,Non-Fatal
2020-03-03,Beechcraft,N2PY,AT Aero LLC,0.0,"Nashville-John C. Tune Airport, TN (KJWN)",sub,2020.0,Non-Fatal
2020-03-03,Beechcraft,N186EB,Executive Business Aviation Inc,0.0,"Nashville-John C. Tune Airport, TN (KJWN)",sub,2020.0,Non-Fatal
2020-03-03,Bombardier,N819RS,Legacy Air LLC,0.0,"Nashville-John C. Tune Airport, TN (KJWN)",sub,2020.0,Non-Fatal
2020-03-03,Cessna,N989CJ,Textron Inc.,0.0,"Nashville-John C. Tune Airport, TN (KJWN)",sub,2020.0,Non-Fatal
2020-03-03,Cessna,N177VV,"Crye-Leike South, Inc",0.0,"Nashville-John C. Tune Airport, TN (KJWN)",sub,2020.0,Non-Fatal
2020-03-03,Beechcraft,N615CL,Carol 1 LLC,0.0,"Nashville-John C. Tune Airport, TN (KJWN)",w/o,2020.0,Non-Fatal
2020-03-03,Dassault,N519JD,"Caridad Aviation, LLC",0.0,"Nashville-John C. Tune Airport, TN (KJWN)",sub,2020.0,Non-Fatal
2020-03-03,Cessna,N45NC,private,0.0,"Nashville-John C. Tune Airport, TN (KJWN)",sub,2020.0,Non-Fatal
2020-03-05,Cessna,N706FX,"FedEx Express, opb CSA Air",0.0,"Rhinelander-Oneida County Airport, WI (RHI)",sub,2020.0,Non-Fatal
2020-03-06,de Havilland Canada DHC-6 Vista Liner 300,N72GC,Grand Canyon Airlines,0.0,"Boulder City Municipal Airport, NV (BLD)",sub,2020.0,Non-Fatal
2020-03-08,Boeing,N477AX,Omni Air International,0.0,Shannon Airport (SNN),sub,2020.0,Non-Fatal
2020-03-09,Airbus,HS-TEU,Thai Airways International,0.0,Vientiane-Wattay Airport (VTE),sub,2020.0,Non-Fatal
2020-03-09,Gulfstream,M-YWAY,"Platinum Jet Co., Ltd.",0.0,Vientiane-Wattay Airport (VTE),sub,2020.0,Non-Fatal
2020-03-12,de Havilland Canada DHC-3T Vazar Turbine Otter,C-GTMW,Martini Aviation Ltd.,0.0,"Fort Langley Airport, BC (CBQ2)",sub,2020.0,Non-Fatal
2020-03-12,Beechcraft,HK-5075,private,2.0,"Claura Arriba, Iriona, Colón",w/o,2020.0,Fatal
2020-03-13,Cessna,YV3452,Servicios 5250084,2.0,Porlamar-del Caribe Santiago Mariño International Airport (PMV),w/o,2020.0,Fatal
2020-03-14,Raytheon,N100AG,Gemini Air Group,0.0,"Phoenix-Scottsdale Municipal Airport, AZ (SCF)",sub,2020.0,Non-Fatal
2020-03-17,Cessna,N274PM,Planemasters,1.0,"NW of La Crosse, Rush County, KS",w/o,2020.0,Fatal
2020-03-19,Cessna,P2-MAF,Mission Aviation Fellowship - MAF,0.0,Yenkisa Airstrip (YEQ),sub,2020.0,Non-Fatal
2020-03-21,Boeing,N193AN,American Airlines,0.0,"Las Vegas-McCarran International Airport, NV (LAS)",sub,2020.0,Non-Fatal
2020-03-22,Hawker,(XB-PNK),private,0.0,"near Caballo Blanco, Retalhuleu",sub,2020.0,Non-Fatal
2020-03-28,Cessna,N810LG,RBR Development LLC,0.0,"Jonesboro Municipal Airport, AR (JBR)",w/o,2020.0,Non-Fatal
2020-03-28,Cessna,N457MD,Hog Air Aviation LLC,0.0,"Jonesboro Municipal Airport, AR (JBR)",w/o,2020.0,Non-Fatal
2020-03-29,IAI,RP-C5880,Lionair Inc.,8.0,Manila-Ninoy Aquino International Airport (MNL),w/o,2020.0,Fatal
2020-04-12,Boeing,JA64AN,"All Nippon Airways - ANA, opb ANA Wings",0.0,30 km south-southwest of Matsuyama Airport (MYJ/RJOM),non,2020.0,Non-Fatal
2020-04-16,Cessna,C-GBIT,Mike's Oilfield Services Ltd.,0.0,"Maurice Lake, SK",sub,2020.0,Non-Fatal
2020-04-19,British Aerospace,N700NW,private,2.0,"near Las Cruces, Petén",w/o,2020.0,Fatal
2020-04-20,British Aerospace,N375TC,private,0.0,Laguna del Tigre National Park,w/o,2020.0,Non-Fatal
2020-04-23,Lockheed,11-5736,United States Air Force - USAF,0.0,Ramstein AFB (RMS),sub,2020.0,Non-Fatal
2020-04-24,IAI,YV3427,Inversiones SC 2012,0.0,"Fort Lauderdale-Executive Airport, FL (FXE)",sub,2020.0,Non-Fatal
2020-04-28,Beechcraft,C-FCBZ,Buffalo Airways,0.0,"Kugaaruk Airport, NU (YBB)",sub,2020.0,Non-Fatal
2020-05-02,Beechcraft,C-GSAE,Province of Saskatchewan Ministry of Central Services,0.0,"SE of Lloydminster Airport, AB (YLL)",sub,2020.0,Non-Fatal
2020-05-04,Learjet,LV-WOC,Dos Mil Aerosistema,0.0,"San Fernando Airport, BA (FDO)",sub,2020.0,Non-Fatal
2020-05-04,Embraer,5Y-AXO,African Express Airways,6.0,near Bardale Airstrip,w/o,2020.0,Fatal
2020-05-05,Learjet,LV-BXU,MD Fly,3.0,"near Esquel Airport, CB (EQS)",w/o,2020.0,Fatal
2020-05-07,Hawker,XB-RBF,private,0.0,southern Zulia state,w/o,2020.0,Non-Fatal
2020-05-08,Beechcraft,N31704,Ameriflight,0.0,"San Antonio International Airport, TX (SAT)",sub,2020.0,Non-Fatal
2020-05-09,Ilyushin,no reg.,Libyan Air Force,0.0,Tripoli-Mitiga International Airport (MJI),w/o,2020.0,Non-Fatal
2020-05-09,Learjet,5A-UAE,United Aviation,0.0,Tripoli-Mitiga International Airport (MJI),w/o,2020.0,Non-Fatal
2020-05-16,Let,RA-67066,Unknown,0.0,Ulang Airstrip,sub,2020.0,Non-Fatal
2020-05-19,Cessna,N501KM,McWilliams LLC,0.0,"Houston-William P. Hobby Airport, TX (HOU)",sub,2020.0,Non-Fatal
2020-05-19,Boeing,N820TJ,Swift Air,0.0,"W of Victorville-Southern California Logistics Airport, CA (VCV)",sub,2020.0,Non-Fatal
2020-05-21,Beechcraft,VT-RPG,Sanjiv Goenka Group,0.0,Kolkata-Netaji Subhas Chandra Bose International Airport (CCU),sub,2020.0,Non-Fatal
2020-05-21,Embraer,FAB2347,Força Aérea Brasileira - FAB,0.0,"Natal Air Force Base, RN (SBNT)",sub,2020.0,Non-Fatal
2020-05-28,British Aerospace,N720PT,private,0.0,near Sarteneja,sub,2020.0,Non-Fatal
2020-05-30,de Havilland Canada DHC-6 Twin Otter 100,N52FW,"Kapowsin Air Sports, opf Skydive San Diego",0.0,"San Diego-Brown Field Municipal Airport, CA (SDM)",sub,2020.0,Non-Fatal
2020-06-08,Dornier,PH-CGN,Netherlands Coast Guard (Kustwacht),0.0,Eindhoven Airport (EIN/EHEH),min,2020.0,Non-Fatal
2020-06-08,Lockheed,94-6706,United States Air Force - USAF,0.0,Al Taji Army Air Field (ORTI),sub,2020.0,Non-Fatal
2020-06-09,Beechcraft,C-GSLX,Sunwest Aviation,0.0,"near Lac la Biche (CYLB), AB",sub,2020.0,Non-Fatal
2020-06-13,Beechcraft,N858UP,Gama Aviation Signature,0.0,"Bedford-Hanscom Field, MA (BED)",sub,2020.0,Non-Fatal
2020-06-14,Airbus,VT-IJT,IndiGo Airlines,0.0,near Cochin Airport,non,2020.0,Non-Fatal
2020-06-14,Airbus,VP-BDL,Ural Airlines,0.0,Saint Petersburg-Pulkovo Airport (LED),sub,2020.0,Non-Fatal
2020-06-14,Airbus,VP-BWC,S7 Airlines,0.0,Saint Petersburg-Pulkovo Airport (LED),min,2020.0,Non-Fatal
2020-06-15,Grumman,N27SL,private,1.0,"Machiques de Perijá, Zulia",w/o,2020.0,Fatal
2020-06-16,Embraer,G-SAJS,Loganair,0.0,Aberdeen International Airport (ABZ/EGPD),min,2020.0,Non-Fatal
2020-06-16,de Havilland Canada DHC-8-402Q Dash 8,G-JECK,Nordic Aviation Capital,0.0,Aberdeen International Airport (ABZ/EGPD),sub,2020.0,Non-Fatal
2020-06-19,Gulfstream,N516TR,private,0.0,"El Chico, Retalhuleu",w/o,2020.0,Non-Fatal
2020-06-28,Cessna,VT-JSS,Jindal Steel & Power Ltd.,0.0,Vijayanagar Aerodrome (VDY),sub,2020.0,Non-Fatal
2020-07-02,Grumman,XB-NRX,Private,0.0,Mapastepec,w/o,2020.0,Non-Fatal
2020-07-05,Boeing,N254WN,Southwest Airlines,0.0,"Orlando, Florida",non,2020.0,Non-Fatal
2020-07-05,British Aerospace,XB-RCM,private,0.0,"10 km from José Maria Morelos, Quintana Roo",w/o,2020.0,Non-Fatal
2020-07-07,Airbus,HB-JOH,Chair Airlines,0.0,Napoli-Capodichino Airport (NAP),w/o,2020.0,Non-Fatal
2020-07-07,Hawker,N339AV,private,0.0,within Venezuela,w/o,2020.0,Non-Fatal
2020-07-09,Embraer,N226NN,"Envoy Air, opf American Eagle",0.0,"Plainfield, Illinois",non,2020.0,Non-Fatal
2020-07-09,Airbus,PT-TMO,LATAM Airlines Brasil,0.0,"near Guarulhos, SP",non,2020.0,Non-Fatal
2020-07-10,Learjet,XA-CAO,Aeroparadise SA,0.0,Toluca-Licenciado Adolfo López Mateos International Airport (TLC),sub,2020.0,Non-Fatal
2020-07-13,Britten-Norman,N200MU,Tropic Air Charters,0.0,"Fort Lauderdale-Executive Airport, FL (FXE)",sub,2020.0,Non-Fatal
2020-07-13,Antonov,RA-40851,Zeus-Avia,2.0,"0,4 km SE of Kistenevo, Bolsheboldinsky district, Nizhny Novgorod region",w/o,2020.0,Fatal
2020-07-14,Boeing,ZS-SJB,Mango,0.0,N of Durban,non,2020.0,Non-Fatal
2020-07-14,de Havilland Canada DHC-8-402Q (PF) Dash 8,5Y-VVU,Blue Bird Aviation,0.0,Beledweyne-Ugas Khalif Airport (HCMN),w/o,2020.0,Non-Fatal
2020-07-15,Beechcraft,EM-809,Turkish Police,7.0,30 km SW of Van-Ferit Melen Airport (VAN),w/o,2020.0,Fatal
2020-07-17,Beechcraft,C-FSKQ,Skyjet Aviation,0.0,"Rouyn Airport, QC (YUY)",sub,2020.0,Non-Fatal
2020-07-19,Antonov,RA-71276,Phoenix,6.0,"30 km W of Tagarkhay, Buryatia region",w/o,2020.0,Fatal
2020-07-20,Beechcraft,N740P,private,0.0,35 km SW of Brus Laguna,sub,2020.0,Non-Fatal
2020-07-22,Beechcraft,N425BJ,N425BJ LLC,0.0,"Montgomery Regional Airport, AL (MGM)",sub,2020.0,Non-Fatal
2020-07-22,Boeing,ET-ARH,Ethiopian Airlines,0.0,Shanghai Pudong International Airport (PVG),w/o,2020.0,Non-Fatal
2020-07-23,Airbus,EP-MNF,Mahan Air,0.0,Syrian airspace,non,2020.0,Non-Fatal
2020-07-25,Cessna,XA-FTG,AX Transporter,0.0,Holbox Airstrip,sub,2020.0,Non-Fatal
2020-07-26,Gulfstream,N450BD,private,0.0,"near El Chal, Petén Department",w/o,2020.0,Non-Fatal
2020-07-28,Boeing,PK-YSZ,Trigana Air Service,0.0,Wamena Airport (WMX/WAJW),min,2020.0,Non-Fatal
2020-07-30,Beechcraft,N515BA,private,0.0,"Rio Negro, Zulia",w/o,2020.0,Non-Fatal
2020-08-01,Airbus,VP-BAX,Aeroflot Russian International Airlines,0.0,Moskva-Sheremetyevo Airport (SVO),sub,2020.0,Non-Fatal
2020-08-03,Antonov,RA-74044,"UTair-Cargo, opf United Nations - UN",0.0,Gao Airport (GAQ),w/o,2020.0,Non-Fatal
2020-08-04,Harbin,KAF128,Kenya Air Force - KAF,0.0,Dhobley Airstrip,sub,2020.0,Non-Fatal
2020-08-07,Boeing,VT-AXH,Air India Express,21.0,Kozhikode-Calicut Airport (CCJ),w/o,2020.0,Fatal
2020-08-08,Canadair,EC-HET,"Aut, Nacional de Emergência e Proteção Civil, opb Babcock",1.0,Lobios,w/o,2020.0,Fatal
2020-08-09,British Aerospace,XB-RAY,private,0.0,near Maracaibo-La Chinita International Airport (MAR),w/o,2020.0,Non-Fatal
2020-08-10,Rockwell,N400RS,private,2.0,W off Paraguaná,w/o,2020.0,Fatal
2020-08-12,Airbus,EC-IEF,Iberia,0.0,near Barcelona Airport (LEBL),non,2020.0,Non-Fatal
2020-08-12,Beechcraft,N316JP,private,0.0,"Santa Ana, Bartolomé de Las Casas, Zulia",w/o,2020.0,Non-Fatal
2020-08-13,Let,9S-GEN,Doren Air Congo,4.0,28 km from Bukavu-Kavumu Airport (BKY),w/o,2020.0,Fatal
2020-08-16,Cessna,5Y-SAV,City Link,0.0,New Fangak Airstrip,w/o,2020.0,Non-Fatal
2020-08-18,ATR,6V-ASN,Air Senegal,0.0,Ziguinchor Airport (ZIG),sub,2020.0,Non-Fatal
2020-08-19,Boeing,N146FE,FedEx,0.0,"Los Angeles International Airport, CA (LAX)",sub,2020.0,Non-Fatal
2020-08-20,Beechcraft,N198DM,Bomac Air,1.0,"Chicago/Rockford International Airport, IL (RFD/KRFD)",w/o,2020.0,Fatal
2020-08-22,Antonov,EX-126,"South West Aviation, lsf Skyway Air",9.0,ca 4 km NW of Juba Airport (JUB),w/o,2020.0,Fatal
2020-08-27,Boeing,VQ-BMS,Las Vegas Sands Corporation,0.0,"Lake Charles-Chennault International Airport, LA (CWF)",sub,2020.0,Non-Fatal
2020-08-28,Boeing,N423AX,Omni Air International,0.0,Bucharest Baneasa Aurel Vlaicu International Airport (BBU),sub,2020.0,Non-Fatal
2020-08-29,Boeing,JA73NM,Skymark Airlines,0.0,15 km ENE of Tokyo-Haneda International Airport (HND),sub,2020.0,Non-Fatal
2020-08-29,Dassault,XB-OAP,private,0.0,Palenque Airport (PQM),sub,2020.0,Non-Fatal
2020-09-04,Fairchild,N362AE,Ameriflight,0.0,"San Antonio International Airport, TX (SAT)",sub,2020.0,Non-Fatal
2020-09-07,Cessna,N186GC,Grand Canyon Airlines,0.0,"Whitmore-Grand Canyon Bar Ten Airstrip, AZ (GCT)",sub,2020.0,Non-Fatal
2020-09-07,Gulfstream,PR-AUR,W.R.V. Empreendimentos e Participacoes Ltda.,0.0,"Belo Horizonte/Pampulha - Carlos Drummond de Andrade Airport, MG (PLU)",sub,2020.0,Non-Fatal
2020-09-11,Cessna,5Y-CDH,Unknown,0.0,Maji Moto area in Narok South,w/o,2020.0,Non-Fatal
2020-09-16,Cessna,N254DR,Connair Consulting LLC,0.0,"Jackson-McKellar-Sipes Regional Airport, TN (MKL)",sub,2020.0,Non-Fatal
2020-09-19,Fokker,5Y-MHT,"Silverstone Air Services, opf Saacid Airlines",0.0,Mogadishu Aden Adde International Airport (MGQ),w/o,2020.0,Non-Fatal
2020-09-21,Learjet,false reg.,private,0.0,Santha Martha,w/o,2020.0,Non-Fatal
2020-09-22,Cessna,HK-4669-G,private,0.0,near Guaymaral Airport,sub,2020.0,Non-Fatal
2020-09-23,British Aerospace,XB-PYZ,private,4.0,"Alta Verapaz, Santa Marta Salina",w/o,2020.0,Fatal
2020-09-25,Antonov,76 yellow,Ukraine Air Force,26.0,"1,1 km N of Chuhuiv Air Base",w/o,2020.0,Fatal
2020-09-27,Canadair,N100QR,private,0.0,"Sur del Lago region, Zulia",w/o,2020.0,Non-Fatal
2020-09-29,Lockheed,166765,United States Marine Corps,0.0,"near Salton City, CA",sub,2020.0,Non-Fatal
2020-09-30,Boeing,N860DA,Delta Air Lines,0.0,"Anchorage, Alaska",non,2020.0,Non-Fatal
2020-10-04,Gulfstream,N305LR,private,0.0,"Machiques, Zulia",w/o,2020.0,Non-Fatal
2020-10-05,de Havilland Canada DHC-6 Twin Otter 300,8Q-TMF,Trans Maldivian Airways,0.0,Malé-Velana International Airport (MLE),sub,2020.0,Non-Fatal
2020-10-05,Hawker,HS-WTH,Ratchthani Leasing Public Company Limited,0.0,Pattani Airport (PAN/VTSK),sub,2020.0,Non-Fatal
2020-10-06,Boeing,HK-5228,AerCaribe Cargo,0.0,San José-Juan Santamaria International Airport (SJO/MROC),w/o,2020.0,Non-Fatal
2020-10-10,Douglas,N96358,Alaska Air Fuel,0.0,"Yakataga Airport, AK",sub,2020.0,Non-Fatal
2020-10-10,Cessna,5H-NWA,Duk Air Travel,0.0,Mundri Airstrip,sub,2020.0,Non-Fatal
2020-10-14,Beechcraft,N499CZ,Freight Runners Express,0.0,"Waterville-Robert Lafleur Airport, ME (WVL)",sub,2020.0,Non-Fatal
2020-10-14,Antonov,OB-2120-P,AerCaribe Peru,0.0,Iquitos-Coronel Francisco Secada Vignetta International Airport (IQT),w/o,2020.0,Non-Fatal
2020-10-16,Britten-Norman,V6-01FM,Caroline Islands Air,0.0,"Mwoakilloa Airfield, Caroline Islands",sub,2020.0,Non-Fatal
2020-10-21,Learjet,N1128M,Worldwide Jet Charter Inc,0.0,"Chicago-Executive Airport, IL (PWK)",sub,2020.0,Non-Fatal
2020-10-22,de Havilland Canada DHC-6 Twin Otter 300,8Q-TMR,Trans Maldivian Airways,0.0,Medhafushi Water Aerodrome,sub,2020.0,Non-Fatal
2020-10-23,Bombardier,JA845A,Oriental Air Bridge,0.0,Fukue Airport (FUJ),sub,2020.0,Non-Fatal
2020-10-24,Embraer,N674RJ,"American Eagle, opb Envoy Air",0.0,Freeport-Grand Bahama International Airport (FPO),sub,2020.0,Non-Fatal
2020-10-29,Gulfstream,N461AR ?,private,3.0,Laguna del Tigre,w/o,2020.0,Fatal
2020-10-29,Britten-Norman,N706MC,St. Bernard Parish Government,0.0,"New Orleans-Lakefront Airport, LA (NEW)",sub,2020.0,Non-Fatal
2020-10-30,Antonov,PT-ZNQ,private,0.0,"Brasília-Piquet Airport, DF (SSGP)",sub,2020.0,Non-Fatal
2020-10-30,Embraer,PR-LMP,TRACBEL,0.0,"Igaratinga-São Pedro Airport, MG (SSDK)",w/o,2020.0,Non-Fatal
2020-10-31,Cessna,YI-118,Al Quwwat al Jawwiya al Iraqiya (Iraqi Air Force),2.0,near Balad,w/o,2020.0,Fatal
2020-11-01,Raytheon,N456FL,Georgia Jet,0.0,"Fernandina Beach Municipal Airport, FL (KFHB)",sub,2020.0,Non-Fatal
2020-11-05,Fairchild,LV-VDJ,Dos Mil Aerosistema,0.0,"Mendoza-El Plumerillo Airport, MD (MDZ)",sub,2020.0,Non-Fatal
2020-11-09,Rockwell,XA-VD.,private,1.0,"El Chico, Champerico, Retalhuleu",w/o,2020.0,Fatal
2020-11-12,British Aerospace,OB-2152,SAETA Peru,0.0,Iquitos International Airport (IQT),sub,2020.0,Non-Fatal
2020-11-13,Bombardier,N778SK,"SkyWest Airlines, opf American Eagle",0.0,"Phoenix-Sky Harbor International Airport, AZ (PHX/KPHX)",non,2020.0,Non-Fatal
2020-11-13,Antonov,RA-82042,Volga-Dnepr Airlines,0.0,Novosibirsk-Tolmachevo Airport (OVB),sub,2020.0,Non-Fatal
2020-11-15,Grumman,N104VV,private,0.0,"Caño Amarillo, Catatumbo",w/o,2020.0,Non-Fatal
2020-11-16,ATR,VT-TMM,TruJet,0.0,Mysore Airport (MYQ),sub,2020.0,Non-Fatal
2020-11-23,Beechcraft,HB-GJM,Air-Glaciers,0.0,Sion Airport (SIR),sub,2020.0,Non-Fatal
2020-11-23,de Havilland Canada DHC-8-314 Dash 8,C-FEXZ,Voyageur Airways,0.0,"North Bay Airport, ON (YYB)",sub,2020.0,Non-Fatal
2020-11-23,de Havilland Canada DHC-7-110,VP-FBQ,British Antarctic Survey,0.0,"North Bay Airport, ON (YYB)",sub,2020.0,Non-Fatal
2020-11-26,ATR,C-FAFS,Calm Air International,0.0,"Naujaat Airport, NU (YUT)",sub,2020.0,Non-Fatal
2020-11-28,Embraer,CU-T1541,Cubana de Aviación,0.0,Havana-José Martí International Airport (HAV),sub,2020.0,Non-Fatal
2020-11-30,Cessna,C6-AWO,Royal Bahamas Defence Force,0.0,George Town-Exuma International Airport (GGT),sub,2020.0,Non-Fatal
2020-12-01,de Havilland Canada DHC-6 Vista Liner 300,P2-ASM,Air Sanga,0.0,Wobagen Airstrip,sub,2020.0,Non-Fatal
2020-12-02,Cessna,N48DK,Aviation Star S II LLC,0.0,"Lufkin Angelina County Airport, TX (LFK)",sub,2020.0,Non-Fatal
2020-12-02,Boeing,EY-560,Air Djibouti,0.0,Garowe Airport (GGR),sub,2020.0,Non-Fatal
2020-12-05,Beechcraft,C-FWYO,Airco Aircraft Charters,0.0,"Edmonton International Airport, AB (YEG)",sub,2020.0,Non-Fatal
2020-12-09,Shijiazhuang,B-8242,Xinjiang General Aviation,0.0,Urumqi-Yaxin General Airport,w/o,2020.0,Non-Fatal
2020-12-09,Antonov,UR-33642,private,1.0,"near Zolota Sloboda, Kozova Raion, Ternopil Oblast",w/o,2020.0,Fatal
2020-12-10,Gulfstream,(N370JL),private,0.0,southern Belize,w/o,2020.0,Non-Fatal
2020-12-13,Eclipse,N686TM,private,0.0,"Leadville Airport, CO (LXV)",sub,2020.0,Non-Fatal
2020-12-16,Embraer,N661EP,Executive Aviation Investors Inc,0.0,"Jacksonville Executive at Craig Airport, FL (CRG)",sub,2020.0,Non-Fatal
2020-12-19,British Aerospace,(N326TD),private,1.0,Parque Nacional Sierra de Lacandon,w/o,2020.0,Fatal
2020-12-20,Raytheon,N412JA,Talon Air,0.0,"Farmingdale-Republic Airport, NY (FRG)",sub,2020.0,Non-Fatal
2020-12-22,Cessna,PR-HFT,La Barca Empreendimentos Ltda,0.0,"Uberlândia, MG (SBUL)",sub,2020.0,Non-Fatal
2020-12-23,Airbus,N463UA,United Airlines,0.0,"Houston, Texas",non,2020.0,Non-Fatal
2020-12-30,Cessna,PZ-TSK,Blue Wing Airlines,0.0,Kawemhaken-Lawa Anapaike Airstrip,sub,2020.0,Non-Fatal
2019-01-07,Saab,YL-RAF,RAF-AVIA,0.0,Savonlinna Airport (SVL),sub,2019.0,Non-Fatal
2019-01-12,Boeing,VQ-BJP,UTair Aviation,0.0,Moskva-Vnukovo Airport (VKO),sub,2019.0,Non-Fatal
2019-01-12,Canadair,N813WT,TW 601-C Investment LLC,0.0,"Uvalde-Ox Ranch Airport ,TX",sub,2019.0,Non-Fatal
2019-01-14,Boeing,EP-CPP,"Saha Air, lsf Islamic Republic of Iran Air Force - IRIAF",15.0,Fat'h Airport,w/o,2019.0,Fatal
2019-01-16,Cessna,8R-YAC,Air Services Limited - ASL,0.0,Georgetown-Ogle International Airport (OGL),sub,2019.0,Non-Fatal
2019-01-18,Boeing,9V-SQL,Singapore Airlines,0.0,en route Melbourne-Wellington,non,2019.0,Non-Fatal
2019-01-21,Aero Modifications AMI DC-3-65TP,N467KS,Priority Air Charter,2.0,"SE of Kidron-Stoltzfus Airfield, OH",sub,2019.0,Fatal
2019-01-22,Boeing,VP-BRR,Aeroflot Russian International Airlines,0.0,Khanty-Mansiysk International Airport (HMA),non,2019.0,Non-Fatal
2019-01-23,de Havilland Canada DHC-8-102 Dash 8,C-GTCO,Air Creebec,0.0,"Rouyn Airport, QC (YUY)",sub,2019.0,Non-Fatal
2019-01-26,Airbus,TC-OEB,Onur Air,0.0,Antalya Airport (AYT/LTAI),sub,2019.0,Non-Fatal
2019-01-28,Airbus,N220FR,Frontier Airlines,0.0,"Denver International Airport, CO (DEN/KDEN)",sub,2019.0,Non-Fatal
2019-01-28,Boeing,N720CK,Kalitta Charters,0.0,"Tuscaloosa Regional Airport, AL (TCL)",sub,2019.0,Non-Fatal
2019-01-28,ATR,EC-LYJ,"Air Europa, opb Swiftair",0.0,Palma de Mallorca Airport (PMI),sub,2019.0,Non-Fatal
2019-01-29,Beechcraft,N13LY,Guardian Flight,3.0,"32 km W off Kake, AK",w/o,2019.0,Fatal
2019-01-30,Beechcraft,C-GTUC,Air Tindi,2.0,"39 km ESE of Whatì/Lac La Martre Airport, NT (YLE)",w/o,2019.0,Fatal
2019-02-03,Boeing,N26909,United Airlines,0.0,"Pacific Ocean, Pacific Ocean",non,2019.0,Non-Fatal
2019-02-04,Boeing,ST-TAL,"Tarco Air, opf Sudan Airways",0.0,Khartoum-Civil Airport,non,2019.0,Non-Fatal
2019-02-05,Boeing,N852NN,American Airlines,0.0,Bluefields,non,2019.0,Non-Fatal
2019-02-08,Airbus,SE-RKA,Novair,0.0,Billund Airport (BLL),sub,2019.0,Non-Fatal
2019-02-08,Convair,N145GT,Conquest Air Cargo,1.0,"21 km E off Bay Harbor Islands, FL",w/o,2019.0,Fatal
2019-02-09,Cessna,PR-RTA,RICO Taxi Aéreo,0.0,"231 km SSW of Caracaraí, RR",sub,2019.0,Non-Fatal
2019-02-09,Embraer,5Y-FFF,Kenya Airways,0.0,Nairobi-Jomo Kenyatta International Airport (NBO),sub,2019.0,Non-Fatal
2019-02-09,Embraer,5Y-KYR,Kenya Airways,0.0,Nairobi-Jomo Kenyatta International Airport (NBO),sub,2019.0,Non-Fatal
2019-02-11,Raytheon,N750TA,Stein's Aircraft Services,0.0,"Richmond Municipal Airport, IN (RID)",sub,2019.0,Non-Fatal
2019-02-13,Embraer,N613CZ,"Delta Airlines, opb Compass Airlines",0.0,"near Reno-Tahoe International Airport (KRNO), Washoe County, NV",min,2019.0,Non-Fatal
2019-02-13,de Havilland Canada DHC-6 Twin Otter 300,PJ-WII,Winair,0.0,Saint-Barthélémy-Rémy de Haenen Airport (SBH/TFFJ),non,2019.0,Non-Fatal
2019-02-13,Boeing,PH-BHA,KLM Royal Dutch Airlines,0.0,Amsterdam-Schiphol International Airport (AMS/EHAM),min,2019.0,Non-Fatal
2019-02-13,Boeing,PH-BFV,KLM Royal Dutch Airlines,0.0,Amsterdam-Schiphol International Airport (AMS/EHAM),min,2019.0,Non-Fatal
2019-02-17,Boeing,N3730B,Delta Air Lines,0.0,"Franklin, Tennessee",non,2019.0,Non-Fatal
2019-02-23,Boeing,N1217A,"Amazon Air, opb Atlas Air",3.0,"Trinity Bay, near Anahuac, TX",w/o,2019.0,Fatal
2019-02-24,Boeing,S2-AHV,Biman Bangladesh Airlines,1.0,Chittagong-Shah Amanat International Airport (CGP),min,2019.0,Fatal
2019-02-25,de Havilland Canada EO-5C (DHC-7-102),N89068,United States Army,0.0,Pyongtaek-Desiderio AAF (RKSG),sub,2019.0,Non-Fatal
2019-02-26,Gulfstream,4K-AZ88,Silk Way Business Aviation,0.0,Moskva-Sheremetyevo Airport (SVO),sub,2019.0,Non-Fatal
2019-02-27,Boeing,N771AN,American Airlines,0.0,"near Honolulu, Oahu, HI",non,2019.0,Non-Fatal
2019-02-28,Embraer,G-FBEJ,Flybe,0.0,Exeter Airport (EXT/EGTE),non,2019.0,Non-Fatal
2019-03-02,de Havilland Canada DHC-8-402Q Dash 8,G-JECN,Flybe,0.0,Southampton-Eastleigh Airport (SOU/EGHI),sub,2019.0,Non-Fatal
2019-03-03,Bombardier,N715CG,private,0.0,"Eufaula-Weedon Field, AL (EUF/KEUF)",w/o,2019.0,Non-Fatal
2019-03-03,Airbus,PR-OCW,Avianca Brasil,0.0,"Rio de Janeiro/Galeão-Antonio Carlos Jobim International Airport, RJ",sub,2019.0,Non-Fatal
2019-03-03,Honda HA-420 HondaJet,N105HJ,Banyan Jet Service,0.0,"Eufaula-Weedon Field, AL (EUF/KEUF)",w/o,2019.0,Non-Fatal
2019-03-03,Beechcraft,7T-VIO,Tassili Airlines,0.0,Ouargla-Ain Beida Airport (OGX),sub,2019.0,Non-Fatal
2019-03-04,Cessna,C-FAFV,Amik Aviation,0.0,"1,4 km S of Little Grand Rapids Airport, MB (ZGR)",sub,2019.0,Non-Fatal
2019-03-04,Embraer,N14171,"United Express, opb CommutAir",0.0,"Presque Isle International Airport, ME (PQI)",sub,2019.0,Non-Fatal
2019-03-07,Learjet,LV-BNR,Baires Fly,0.0,"Buenos Aires-Jorge Newbery Airport, BA (AEP)",sub,2019.0,Non-Fatal
2019-03-09,Gulfstream,N505GF,Waffle House Inc.,0.0,"Atlanta-DeKalb Peachtree Airport, GA (PDK)",sub,2019.0,Non-Fatal
2019-03-09,Douglas,HK-2494,LASER Aéreo Colombia,14.0,"Finca La Bendición, San Martín",w/o,2019.0,Fatal
2019-03-10,Boeing,N3756,Delta Air Lines,0.0,"Atlanta Hartsfield-Jackson International Airport, GA (ATL/KATL)",sub,2019.0,Non-Fatal
2019-03-10,Bombardier,N569NN,"PSA Airlines, opf American Eagle",0.0,"Charlotte-Douglas International Airport, NC (CLT/KCLT)",sub,2019.0,Non-Fatal
2019-03-10,Bombardier,N530EA,"PSA Airlines, opf American Eagle",0.0,"Charlotte-Douglas International Airport, NC (CLT/KCLT)",sub,2019.0,Non-Fatal
2019-03-10,Hawker,fake reg.,private,1.0,"near San Pedro Peralta, Chetumal, Quintana Roo",w/o,2019.0,Fatal
2019-03-10,Boeing,ET-AVJ,Ethiopian Airlines,157.0,50 km ESE of Addis Ababa-Bole Airport (ADD),w/o,2019.0,Fatal
2019-03-11,de Havilland Canada CC-138 Twin Otter (DHC-6),13803,Royal Canadian Air Force - RCAF,0.0,"140 km N Inuvik, NT",sub,2019.0,Non-Fatal
2019-03-12,Beechcraft,N945WS,Golden Wings Aviation Inc.,0.0,"Latrobe-Westmoreland County Airport, PA (LBE)",sub,2019.0,Non-Fatal
2019-03-14,Cessna,N220CM,RP Sales and Leasing Inc.,0.0,"Orlando Sanford International Airport, FL (SFB)",sub,2019.0,Non-Fatal
2019-03-18,IAI,N4MH,Sundance Airport FBO LLC,2.0,"Oklahoma City-Sundance Airport, OK (HSD)",w/o,2019.0,Fatal
2019-03-19,Fokker,EP-IDG,Iran Air,0.0,Tehran-Mehrabad Airport (THR/OIII),sub,2019.0,Non-Fatal
2019-03-21,ATR,TR-ABS,Afrijet,0.0,São Tomé Island Airport (TMS/FPST),sub,2019.0,Non-Fatal
2019-03-22,Rockwell,N990PA,private,0.0,ca 14 km E of Bajamar,w/o,2019.0,Non-Fatal
2019-03-23,Airbus,HA-LPL,Wizz Air,0.0,Bristol Airport (BRS/EGGD),min,2019.0,Non-Fatal
2019-03-23,Beechcraft,A2-MBM,Major Blue Air,1.0,Matsieng Aerodrome,w/o,2019.0,Fatal
2019-03-27,Boeing,N249WN,Southwest Airlines,0.0,"near Nashville International Airport, TN (BNA)",sub,2019.0,Non-Fatal
2019-03-27,Antonov,CU-A1825,Empresa Nacional de Servicios Aéreos-ENSA,0.0,Alonso de Rojas,sub,2019.0,Non-Fatal
2019-04-03,Airbus,G-EZWC,easyJet,0.0,Belfast International Airport (BFS/EGAA),min,2019.0,Non-Fatal
2019-04-04,McDonnell Douglas,N977DL,Delta Air Lines,0.0,"Atlanta Hartsfield-Jackson International Airport, GA (ATL/KATL)",sub,2019.0,Non-Fatal
2019-04-04,de Havilland Canada DHC-8-402Q Dash 8,OE-LGM,Austrian Airlines,0.0,Innsbruck-Kranebitten Airport (INN),sub,2019.0,Non-Fatal
2019-04-08,British Aerospace,HI1038,Sky High Aviation Services,0.0,Dominica Douglas-Charles Airport (DOM),sub,2019.0,Non-Fatal
2019-04-10,Airbus,N114NN,American Airlines,0.0,"New York-John F. Kennedy International Airport, NY (JFK)",sub,2019.0,Non-Fatal
2019-04-11,Boeing,N31412,United Airlines,0.0,"Fort Myers, FL",non,2019.0,Non-Fatal
2019-04-13,Rockwell,N265DS,Classic Aviation,3.0,"near New Albany, MS",w/o,2019.0,Fatal
2019-04-16,Bombardier,14+01,Luftwaffe,0.0,Berlin-Schönefeld Airport (SXF/EDDB),sub,2019.0,Non-Fatal
2019-04-16,Pilatus,CC-CYR,Archipiélagos Servicios Aéreos,6.0,"0,4 km W of Puerto Montt-Marcel Marchant Airport (SCPF)",w/o,2019.0,Fatal
2019-04-22,Airbus,HS-TXK,Thai Smile,0.0,"Sung Noen District, Nakhon Ratchasima Province",non,2019.0,Non-Fatal
2019-04-22,Antonov,EY-322,Asia Airways,0.0,64 km from Khartoum,sub,2019.0,Non-Fatal
2019-04-23,Cessna,N366TA,private,0.0,"Dry Tortugas National Park, FL",sub,2019.0,Non-Fatal
2019-04-24,Beechcraft,C-FRMV,Keewatin Air,0.0,"Gillam Airport, MB (YGX)",sub,2019.0,Non-Fatal
2019-04-24,Cessna,D-IADV,private,0.0,Siegen-Siegerland Airport (SGE/EDGS),sub,2019.0,Non-Fatal
2019-04-30,Boeing,G-GDFB,Jet2,0.0,East Midlands Airport (EMA),sub,2019.0,Non-Fatal
2019-04-30,Boeing,EI-SEV,Ryanair,0.0,East Midlands Airport (EMA/EGNX),sub,2019.0,Non-Fatal
2019-05-02,Boeing,HL8021,T'way Air,0.0,115km north of Tokyo/Narita International Airport (NRT/RJAA),non,2019.0,Non-Fatal
2019-05-03,Douglas,C-GJKM,Buffalo Airways,0.0,"6,5 km SE of Hay River Airport, NT (YHY)",sub,2019.0,Non-Fatal
2019-05-03,Boeing,N732MA,Miami Air International,0.0,"Jacksonville Naval Air Station, FL (NIP)",sub,2019.0,Non-Fatal
2019-05-04,Antonov,RA-01443,Voskhod LLC,0.0,"Vyun, Tomponsky region",sub,2019.0,Non-Fatal
2019-05-04,Learjet,C-GMCP,Skyservice Business Aviation,0.0,Edinburgh-Turnhouse Airport (EDI/EGPH),unk,2019.0,Non-Fatal
2019-05-05,Canadair,N601VH,Compañia de Aviación y Logística Empresarial,13.0,257 km NW of Monclova,w/o,2019.0,Fatal
2019-05-05,Sukhoi Superjet 100-95B,RA-89098,Aeroflot Russian International Airlines,41.0,Moskva-Sheremetyevo Airport (SVO),w/o,2019.0,Fatal
2019-05-07,Antonov,YV2354,private,0.0,13 km from Uriman Airport (URM),w/o,2019.0,Non-Fatal
2019-05-07,de Havilland Canada DHC-6 Twin Otter 300,C-GNDO,Air Inuit,0.0,"57 km NNE of Kuujjuarapik Airport, QC (YGW)",sub,2019.0,Non-Fatal
2019-05-08,de Havilland Canada DHC-8-402Q Dash 8,S2-AGQ,Biman Bangladesh Airlines,0.0,Yangon-Mingaladon Airport (RGN/VYYY),w/o,2019.0,Non-Fatal
2019-05-10,de Havilland Canada DHC-8-311 Dash 8,C-FJXZ,"Air Canada Express, opb Jazz Aviation",0.0,"Toronto–Lester B. Pearson International Airport, Ontario (YYZ)",sub,2019.0,Non-Fatal
2019-05-11,Cessna,C-FCPM,Parachutisme Nouvel Air,0.0,"Saint-Esprit Aerodrome, QC",sub,2019.0,Non-Fatal
2019-05-12,Embraer,XY-AGQ,Myanmar National Airlines,0.0,Mandalay International Airport (MDL),min,2019.0,Non-Fatal
2019-05-13,Boeing,HL7726,Korean Air,0.0,30NM W of Incheon International Airport,non,2019.0,Non-Fatal
2019-05-18,Gulfstream,unreg.,private,0.0,"Chico de Chamorro, Retalhuleu",w/o,2019.0,Non-Fatal
2019-05-22,Cessna,N311G,private,2.0,"near Indianapolis Regional Airport, IN (KMQJ)",w/o,2019.0,Fatal
2019-05-22,Antonov,RA-68161,private,0.0,Zhuravskoye,w/o,2019.0,Non-Fatal
2019-05-24,Cessna,N832R,Jet Sales LLC,1.0,"500 km E off Fort Lauderdale, Florida, USA",w/o,2019.0,Fatal
2019-05-25,Boeing,N8697C,Southwest Airlines,0.0,"Waycross, Georgia",non,2019.0,Non-Fatal
2019-05-25,Airbus,PK-LZJ,Batik Air,0.0,Makassar-Sultan Hasanuddin International Airport (WAAA),non,2019.0,Non-Fatal
2019-05-28,Airbus,N507JT,Jetblue Airways,0.0,"Fort Lauderdale, Florida",non,2019.0,Non-Fatal
2019-05-29,Antonov,5A-DKN,Libyan Air Cargo,0.0,Tripoli International Airport (TIP),w/o,2019.0,Non-Fatal
2019-06-03,Antonov,K2752,Indian Air Force - IAF,13.0,16 km N of Lipo,w/o,2019.0,Fatal
2019-06-07,Antonov,UR-KAU,TSO Ukrayiny,0.0,"Svyatoshyns'kyi District, Kiev",sub,2019.0,Non-Fatal
2019-06-09,Boeing,N75436,United Airlines,0.0,"Denver International Airport, CO (DEN/KDEN)",sub,2019.0,Non-Fatal
2019-06-09,Antonov,RA-81519,Feniks,0.0,"50 km NE of Kyren, Tunkinsky District",sub,2019.0,Non-Fatal
2019-06-11,CASA,N603AR,EP Aviation,0.0,Kiunga Airport (KIU),sub,2019.0,Non-Fatal
2019-06-15,ATR,PR-MPN,MAP Linhas Aéreas,0.0,"Manaus-Eduardo Gomes International Airport, AM (MAO)",sub,2019.0,Non-Fatal
2019-06-15,Boeing,N26123,United Airlines,0.0,"Newark-Liberty International Airport, NJ (EWR)",sub,2019.0,Non-Fatal
2019-06-17,Boeing,N8608N,Southwest Airlines,0.0,"Pittsburgh-Greater Pittsburgh International Airport, PA (PIT)",sub,2019.0,Non-Fatal
2019-06-17,Cessna,LV-CIQ,Banco Macro,0.0,"Joaquín V. González-Agropecuaria Río Juramento Airstrip, SA",sub,2019.0,Non-Fatal
2019-06-18,Airbus,B-LHA,Hong Kong Airlines,0.0,"Nansha District, Guangzhou, Guangdong Province",non,2019.0,Non-Fatal
2019-06-20,Antonov,UP-A0116,Navigator,1.0,"10 km from Rodina village, Tselinograd district",w/o,2019.0,Fatal
2019-06-21,Basler,C-FKGL,North Star Air,0.0,"off Fort Hope Airport, ON (YFH)",sub,2019.0,Non-Fatal
2019-06-23,Antonov,UR-43983,Phoenix Air LLC,0.0,"near Mlyny, Poltava region",w/o,2019.0,Non-Fatal
2019-06-26,Rockwell,N65HH,Yankee Dawdle LLC,0.0,"Sacramento-McClellan Airfield, CA (MCC)",min,2019.0,Non-Fatal
2019-06-27,Cessna,N318RW,Mueller Aero Inc,0.0,"Janesville, Wisconsin",min,2019.0,Non-Fatal
2019-06-27,British Aerospace,YV2536,Transmandu,0.0,Canaima Airport (CAJ),w/o,2019.0,Non-Fatal
2019-06-27,Antonov,RA-47366,Angara Airlines,2.0,Nizhneangarsk Airport (UIUN),w/o,2019.0,Fatal
2019-06-28,Saab,C6-VIP,Western Air,0.0,Nassau-Lynden Pindling International Airport (NAS),sub,2019.0,Non-Fatal
2019-06-29,Cessna,N80JF,ISR Aviation LLC,0.0,"Plant City-Blackwater Creek Ultralight Flightpark, FL",sub,2019.0,Non-Fatal
2019-06-30,Dassault,N908CA,Warren Transportation LLC,0.0,"Dallas-Addison Airport, TX (ADS/KADS)",w/o,2019.0,Non-Fatal
2019-06-30,Antonov,RF-00105,"DOSAAF, Gvardeysky ATSK",0.0,near Gvardeysky,sub,2019.0,Non-Fatal
2019-06-30,Beechcraft,N534FF,EE Operations LLC,10.0,"Dallas-Addison Airport, TX (ADS/KADS)",w/o,2019.0,Fatal
2019-07-01,Boeing,VT-SYK,SpiceJet,0.0,Mumbai-Chhatrapati Shivaji International Airport (BOM),sub,2019.0,Non-Fatal
2019-07-08,Canadair,C-FAWQ,Gouvernement du Québec,0.0,"83 km NW of Roberval Airport, QC (YRJ)",sub,2019.0,Non-Fatal
2019-07-08,Cessna,N9448B,Grant Aviation,0.0,"Bethel Airport, AK (BET)",w/o,2019.0,Non-Fatal
2019-07-08,Airbus,5A-ONA,Afriqiyah Airways,0.0,Tripoli-Mitiga International Airport (MJI),min,2019.0,Non-Fatal
2019-07-09,Antonov,unreg.,Unknown,0.0,"near Raduga, Novoaleksandrovsk District",sub,2019.0,Non-Fatal
2019-07-09,Boeing,PH-BXH,KLM Royal Dutch Airlines,0.0,Amsterdam-Schiphol International Airport (AMS/EHAM),min,2019.0,Non-Fatal
2019-07-09,Airbus,OE-IVQ,easyJet Europe,0.0,Amsterdam-Schiphol International Airport (AMS/EHAM),min,2019.0,Non-Fatal
2019-07-10,Airbus,A6-EEM,Emirates,0.0,Bay of Bengal,non,2019.0,Non-Fatal
2019-07-12,ATR,SX-FOR,Sky Express,0.0,Naxos Island National Airport (JNX/LGNX),sub,2019.0,Non-Fatal
2019-07-12,Cessna,N262BK,"Omicron Business Services, LLC",0.0,"Orlando Executive Airport, FL (ORL)",sub,2019.0,Non-Fatal
2019-07-16,Antonov,RA-3098K,Unknown,0.0,"Novoshchedrinskaya, Chechnya",w/o,2019.0,Non-Fatal
2019-07-17,Cessna,N320JT,Avia Jet LLC,0.0,"Mesquite Municipal Airport, NV",w/o,2019.0,Non-Fatal
2019-07-19,de Havilland Canada DHC-8-402Q Dash 8,C-FKWE,WestJet Encore,0.0,"Edmonton International Airport, AB (YEG)",sub,2019.0,Non-Fatal
2019-07-20,ATR,AP-BHP,Pakistan International Airlines - PIA,0.0,Gilgit Airport (GIL),sub,2019.0,Non-Fatal
2019-07-22,Boeing,N663UA,United Airlines,0.0,"200 nm N of San Juan, Puerto Rico",non,2019.0,Non-Fatal
2019-07-23,Boeing,N57852,United Airlines,0.0,"San Francisco International Airport, CA (SFO)",sub,2019.0,Non-Fatal
2019-07-23,Boeing,5N-BQO,Air Peace,0.0,Lagos-Murtala Muhammed International Airport (LOS),sub,2019.0,Non-Fatal
2019-07-24,Boeing,C-FNNQ,Air Canada,0.0,Paris-Charles de Gaulle Airport (CDG/LFPG),non,2019.0,Non-Fatal
2019-07-25,Ilyushin,UR-CMC,Europe Air,1.0,Al Jufra Airbase,w/o,2019.0,Fatal
2019-07-25,Ilyushin,UR-CRP,Europe Air,0.0,Al Jufra Airbase,w/o,2019.0,Non-Fatal
2019-07-26,Cessna,C-GURL,Seair Seaplanes,4.0,"Addenbroke Island, BC",w/o,2019.0,Fatal
2019-07-27,Fairchild,N681TR,Sierra West Airlines,0.0,"El Paso International Airport, TX (ELP)",sub,2019.0,Non-Fatal
2019-07-30,Avro RJ85,VH-NJW,Cobham Aviation Services,0.0,"Perth Airport, WA (PER)",sub,2019.0,Non-Fatal
2019-07-30,Airbus,D-AILR,Lufthansa,0.0,Frankfurt International Airport (FRA/EDDF),sub,2019.0,Non-Fatal
2019-07-31,Douglas,N59314,Bush Air Fuel,0.0,"Drift River Airport (3AK5), AK",sub,2019.0,Non-Fatal
2019-07-31,Bombardier,N947LR,"American Eagle, opb Mesa Airlines",0.0,"Dallas/Fort Worth International Airport, TX (DFW/KDFW)",sub,2019.0,Non-Fatal
2019-08-01,Douglas,N451CE,Everts Air Cargo,0.0,"Candle 2 Airport, AK",sub,2019.0,Non-Fatal
2019-08-02,Airbus,G-MLJL,Thomas Cook Airlines,0.0,near SUMRS waypoint,min,2019.0,Non-Fatal
2019-08-02,Shijiazhuang,B-50OC,Liaoning Star General Aviation,0.0,"Longmen Farm, Wudalianchi, Heilongjiang Province",sub,2019.0,Non-Fatal
2019-08-02,Boeing,C-GHPU,Air Canada,0.0,"Vancouver International Airport, BC (YVR/CYVR)",min,2019.0,Non-Fatal
2019-08-02,Airbus,HB-JMF,Edelweiss Air,0.0,"Vancouver International Airport, BC (YVR/CYVR)",sub,2019.0,Non-Fatal
2019-08-04,Antonov,RT-15-305,DOSAAF Tajikistan,1.0,near Fakhrabad,w/o,2019.0,Fatal
2019-08-05,Airbus,N432UA,United Airlines,0.0,"San Francisco International Airport, CA (SFO)",sub,2019.0,Non-Fatal
2019-08-06,Cessna,CC-ANR,private,1.0,"0,4 km N of Los Ángeles-María Dolores Airport (LSQ)",w/o,2019.0,Fatal
2019-08-06,Cessna,C-FSKF,Alkan Air,2.0,"46 km ENE of Mayo Airport, YT (YMA)",w/o,2019.0,Fatal
2019-08-06,Cessna,5H-NOW,Tropical Air,0.0,Mafia Airport (MFA),w/o,2019.0,Non-Fatal
2019-08-06,Ilyushin,UR-COZ,SkyAviatrans,0.0,Misrata International Airport (MRA),w/o,2019.0,Non-Fatal
2019-08-06,Cessna,D-CAWM,Aerowest,0.0,Aarhus Airport (AAR/EKAH),w/o,2019.0,Non-Fatal
2019-08-07,British Aerospace,HK-4540,SARPA - Servicios Aéreos Panamericanos,0.0,Bahía Solano-José Celestino Mutis Airport (BSC),sub,2019.0,Non-Fatal
2019-08-08,Airbus,N505JB,Jetblue Airways,0.0,"Charlottesville, Virginia",non,2019.0,Non-Fatal
2019-08-08,Bombardier,N237QS,Netjets,0.0,"Lubbock, Texas",non,2019.0,Non-Fatal
2019-08-08,Airbus,N717FR,Frontier Airlines,0.0,"Orlando International Airport, FL (MCO)",sub,2019.0,Non-Fatal
2019-08-10,Canadair,N602TS,private,0.0,Nassau-Lynden Pindling International Airport (NAS),sub,2019.0,Non-Fatal
2019-08-12,Boeing,G-CKWB,Norwegian Air UK,0.0,London-Gatwick Airport (LGW),min,2019.0,Non-Fatal
2019-08-14,de Havilland Canada DHC-6 Twin Otter 200,T-82,Fuerza Aérea Argentina - FAA,0.0,54 km from Base Marambio,sub,2019.0,Non-Fatal
2019-08-14,Beechcraft,XB-...,Unknown,0.0,"El Ramonal, Chetumal, Quintana Roo",w/o,2019.0,Non-Fatal
2019-08-15,Boeing,JA808A,All Nippon Airways - ANA,0.0,"Over Chengde, Hebei Province",non,2019.0,Non-Fatal
2019-08-15,de Havilland Canada DHC-6 Twin Otter 300,N322AV,Berry Aviation,0.0,"San Marcos Regional Airport, TX",sub,2019.0,Non-Fatal
2019-08-15,Cessna,N8JR,JRM Air LLC,0.0,"Elizabethton Municipal Airport, TN",w/o,2019.0,Non-Fatal
2019-08-15,Airbus,VQ-BOZ,Ural Airlines,0.0,ca 5 km SE of Zhukovsky International Airport (ZIA),sub,2019.0,Non-Fatal
2019-08-16,de Havilland Canada DHC-8-200,5Y-SLM,SafariLink,0.0,Kichwa Tembo Airstrip,sub,2019.0,Non-Fatal
2019-08-18,Cessna,N879MA,Mokulele Airlines,0.0,"Kapalua Airport, HI (JHM)",sub,2019.0,Non-Fatal
2019-08-18,Boeing,N543US,Delta Air Lines,0.0,"Ponta Delgada-João Paulo II Airport, Azores (PDL)",sub,2019.0,Non-Fatal
2019-08-21,Airbus,G-VFIT,Virgin Atlantic Airways,0.0,over Black Sea,non,2019.0,Non-Fatal
2019-08-21,Cessna,1060,Fuerza Aérea Venezolana - FAV,0.0,Caracas/La Carlota-Gen. Francisco de Miranda Air Base (SVFM),w/o,2019.0,Non-Fatal
2019-08-21,Cessna,C-FEXE,Morningstar Air Express,0.0,"Vancouver International Airport, BC (YVR/CYVR)",sub,2019.0,Non-Fatal
2019-08-21,Cessna,N91GY,Delta Private Jets,0.0,"Oroville Airport, CA (OVE)",w/o,2019.0,Non-Fatal
2019-08-22,Airbus,A6-EOP,Emirates,0.0,Dubai Airport (DXB),sub,2019.0,Non-Fatal
2019-08-23,Antonov,OK-TIR,Club Tiroler Adler,0.0,Gmunden Airfield,sub,2019.0,Non-Fatal
2019-08-25,Lockheed,N119TG,International Air Response,0.0,"Santa Barbara Airport, CA (SBA)",sub,2019.0,Non-Fatal
2019-08-26,McDonnell Douglas,N911DL,Delta Air Lines,0.0,"Chicago-O'Hare International Airport, IL (ORD/KORD)",non,2019.0,Non-Fatal
2019-08-27,Airbus,N328FR,Frontier Airlines,0.0,"near Denver, CO",non,2019.0,Non-Fatal
2019-08-27,Airbus,B-5958,Air China,0.0,Beijing-Capital International Airport (PEK),sub,2019.0,Non-Fatal
2019-08-27,Cessna,VT-AVV,Air Charter Services,0.0,Aligarh Airport,w/o,2019.0,Non-Fatal
2019-08-28,Cessna,D-ICEY,Lenox Handels und Speditions GmbH,0.0,Egelsbach Airfield (EDFE),sub,2019.0,Non-Fatal
2019-08-28,Antonov,RA-40389,private,0.0,"Selektsionny, Lgovsky district, Kursk region",sub,2019.0,Non-Fatal
2019-08-30,Antonov,RA-33061,private,2.0,Lake Syuryun-Kyuel area,w/o,2019.0,Fatal
2019-08-31,Cessna,N551WH,Star Jet LLC,0.0,"El Monte-San Gabriel Valley Airport, CA (EMT)",sub,2019.0,Non-Fatal
2019-09-01,Airbus,5A-LAU,Libyan Airlines,0.0,Tripoli-Mitiga International Airport (MJI),min,2019.0,Non-Fatal
2019-09-01,Beechcraft,RP-C2296,Lionair Inc.,9.0,"Pansol, Calamba, Laguna",w/o,2019.0,Fatal
2019-09-02,British Aerospace,XB-PTW,private,2.0,near Nueva Cajolá,w/o,2019.0,Fatal
2019-09-05,Cessna,OE-GES,Jet 24 GmbH,0.0,Milano-Malpensa Airport (MXP),sub,2019.0,Non-Fatal
2019-09-06,Airbus,N515NK,Spirit Airlines,0.0,"Fort Myers, Florida",non,2019.0,Non-Fatal
2019-09-07,ATR,HK-5041,"Regional Express Américas, opf Avianca",0.0,Manizales-La Nubia Airport (MZL),sub,2019.0,Non-Fatal
2019-09-09,Airbus,D-AKNL,Eurowings,0.0,near Berlin,non,2019.0,Non-Fatal
2019-09-11,Bombardier,N765SK,"Skywest Airlines, opf American Eagle",0.0,"Chicago-O'Hare International Airport, IL (ORD/KORD)",sub,2019.0,Non-Fatal
2019-09-11,Bombardier,N710SK,"Skywest Airlines, opf American Eagle",0.0,"Chicago-O'Hare International Airport, IL (ORD/KORD)",sub,2019.0,Non-Fatal
2019-09-11,British Aerospace,XB-SMV,private,0.0,"Chencoh, Hopelchén",unk,2019.0,Non-Fatal
2019-09-11,Cessna,D-FIDI,GoJump,1.0,near Gransee Airfield,w/o,2019.0,Fatal
2019-09-11,Convair,N24DR,Ferreteria e Implementos San Francisco,2.0,"1 km ENE of Toledo-Express Airport, OH (TOL)",w/o,2019.0,Fatal
2019-09-16,Cessna,PT-MHC,TwoFlex,0.0,"0,6 km W of Manaus-Eduardo Gomes International Airport, AM (MAO/SBEG)",w/o,2019.0,Non-Fatal
2019-09-18,Britten-Norman,V6-03FM,Caroline Islands Air,0.0,"Ta Island Airstrip, Caroline Islands",w/o,2019.0,Non-Fatal
2019-09-18,Viking,PK-CDC,"Rimbun Air, opb Carpediem Aviation",4.0,"10 km from Kampung Mamontoga, Hoeya District, Mimika Regency",w/o,2019.0,Fatal
2019-09-20,Cessna,N895SF,private,0.0,"Pepperell Airport, MA",sub,2019.0,Non-Fatal
2019-09-23,Britten-Norman,VP-MNI,FlyMontserrat,0.0,Montserrat-John A. Osborne Airport (MNI),sub,2019.0,Non-Fatal
2019-09-23,Cessna,5H-AAM,Auric Air,2.0,Seronera Airstrip (SEU),w/o,2019.0,Fatal
2019-09-24,Cessna,YVO134,Gobernación del Estado Bolívar,0.0,San Salvador de Paúl Airstrip,sub,2019.0,Non-Fatal
2019-09-24,Cessna,1917,Department of Royal Rainmaking and Agricultural Aviation,2.0,Village no.9 Lum Sum Sai Yok District Kanchanaburi Province,w/o,2019.0,Fatal
2019-09-30,Antonov,UR-CKL,Cavok Air,0.0,Liverpool International Airport (LPL),sub,2019.0,Non-Fatal
2019-09-30,Gulfstream,XB-PVO,private,0.0,"Blue Creek, Orange Walk",w/o,2019.0,Non-Fatal
2019-10-01,Boeing,A6-EBU,Emirates,0.0,near Batam Island,non,2019.0,Non-Fatal
2019-10-02,Boeing,N93012,The Collings Foundation,7.0,"Windsor Locks-Bradley International Airport, CT (BDL)",w/o,2019.0,Fatal
2019-10-04,Antonov,UR-CAH,Ukraine Air Alliance,5.0,"1,1 km SE of Lviv-Danylo Halytskyi International Airport (LWO)",sub,2019.0,Fatal
2019-10-07,Hawker,N86MN,Delta Private Jets,0.0,"Fort Myers-Southwest Florida International Airport, FL (RSW)",sub,2019.0,Non-Fatal
2019-10-07,Honda HA-420 HondaJet,N166HJ,Pro by Air,0.0,"Charleston International Airport, SC (CHS)",sub,2019.0,Non-Fatal
2019-10-10,Antonov,EK-72903,Air Force of the Democratic Republic of the Congo,8.0,near Kole,w/o,2019.0,Fatal
2019-10-11,de Havilland Canada DHC-6 Twin Otter 100,N166DH,Skydive Georgia,0.0,"Cedartown-Polk County Airport, GA",sub,2019.0,Non-Fatal
2019-10-11,Fokker,5Y-IZO,Silverstone Air Services,0.0,near Nairobi-Wilson Airport (WIL),w/o,2019.0,Non-Fatal
2019-10-12,Embraer,C6-KMC,Pineapple Air,0.0,Nassau-Lynden Pindling International Airport (NAS/MYNN),min,2019.0,Non-Fatal
2019-10-12,ATR,JA01JC,Japan Air Commuter,0.0,65 km north-northwest of Tanegashima Airport (TNE/RJFG),non,2019.0,Non-Fatal
2019-10-16,Bombardier,N307KP,Elite Air Inc,0.0,"Augusta-Bush Field, GA (AGS/KAGS)",non,2019.0,Non-Fatal
2019-10-17,Saab,N686PA,PenAir - Peninsula Airways,1.0,"Unalaska-Tom Madsen Airport, AK (DUT)",sub,2019.0,Fatal
2019-10-18,Airbus,15001,Royal Canadian Air Force - RCAF,0.0,"Trenton Canadian Forces Base, ON (YTR)",sub,2019.0,Non-Fatal
2019-10-18,Douglas,N437GB,Atlantic Air Cargo,0.0,"4,6 km NW off Nassau-Lynden Pindling International Airport (NAS)",unk,2019.0,Non-Fatal
2019-10-22,Canadair,N8837B,"Delta Connection, opb Endeavor Air",0.0,"near Atlanta Hartsfield-Jackson International Airport, GA (ATL)",sub,2019.0,Non-Fatal
2019-10-22,Basler,FAS116,Fuerza Aérea Salvadoreña,0.0,San Salvador/Ilopango International Airport (SAL),sub,2019.0,Non-Fatal
2019-10-25,Rockwell,N465BC,private,0.0,"Sipacate, Escuintla",w/o,2019.0,Non-Fatal
2019-10-26,de Havilland Canada DHC-3T/M601 Turbine Otter,C-GBTU,Blue Water Aviation Services,3.0,"Family Lake, Little Grand Rapids First Nation, MB",w/o,2019.0,Fatal
2019-10-26,Airbus,PK-GPE,Garuda Indonesia Airways,0.0,near Banda Aceh (BTJ),non,2019.0,Non-Fatal
2019-10-27,Gulfstream,(N530GA),private,0.0,"Vista Hermosa, Ixcán",w/o,2019.0,Non-Fatal
2019-10-27,Let,YI-BYO,Abeer Air Services,0.0,Kolnyang County,w/o,2019.0,Non-Fatal
2019-10-29,de Havilland Canada DHC-8-402Q Dash 8,N402QX,Horizon Air,0.0,"near Boise, ID",sub,2019.0,Non-Fatal
2019-10-31,Cessna,N926FE,"Corporate Air, opf FedEx",0.0,"Honolulu-Daniel K. Inouye International Airport, HI (HNL)",min,2019.0,Non-Fatal
2019-11-03,Boeing,N796AV,Avianca,0.0,near Barcelona,non,2019.0,Non-Fatal
2019-11-05,Learjet,XA-VBD,USMX AirLink,0.0,San Jose Cabo-Los Cabos Airport (SJD),sub,2019.0,Non-Fatal
2019-11-11,Boeing,TC-ACR,ACT Airlines,0.0,Istanbul-Atatürk Airport (ISL/LTBA),non,2019.0,Non-Fatal
2019-11-11,British Aerospace,(N237DX),private,0.0,Petén,w/o,2019.0,Non-Fatal
2019-11-11,Embraer,N619AE,"American Eagle, opb Envoy Air",0.0,"Chicago-O'Hare International Airport, IL (ORD/KORD)",sub,2019.0,Non-Fatal
2019-11-14,Cessna,PT-LTJ,José João Abdalla Filho,5.0,"Maraú-Barra Grande Airport, BA (SIRI)",w/o,2019.0,Fatal
2019-11-15,Cessna,N777HW,ETG Aviation LLC,0.0,"San Antonio International Airport, TX (SAT)",sub,2019.0,Non-Fatal
2019-11-15,Cessna,N973CG,Pilot Point Consultancy LLC,0.0,"San Antonio International Airport, TX (SAT)",sub,2019.0,Non-Fatal
2019-11-16,Airbus,V5-ANO,Air Namibia,0.0,Frankfurt International Airport (FRA/EDDF),min,2019.0,Non-Fatal
2019-11-16,Boeing,HL7204,Korean Air,0.0,Frankfurt International Airport (FRA/EDDF),sub,2019.0,Non-Fatal
2019-11-21,Boeing,TC-JGZ,THY Turkish Airlines,0.0,Odessa-Central Airport (ODS),sub,2019.0,Non-Fatal
2019-11-21,Gulfstream,TC-AEH,Tahe Havacilik,0.0,Odessa-Central Airport (ODS),sub,2019.0,Non-Fatal
2019-11-22,Boeing,YV3012,Avior Airlines,0.0,Bogotá-Eldorado Airport (BOG/SKBO),sub,2019.0,Non-Fatal
2019-11-23,Beechcraft,(XB-PYB),private,0.0,Saint-Jean du Sud,w/o,2019.0,Non-Fatal
2019-11-25,de Havilland Canada DHC-8-311 Dash 8,9J-PZB,Proflight Air Services,0.0,near Lusaka,sub,2019.0,Non-Fatal
2019-11-25,McDonnell Douglas,N975DL,Delta Air Lines,0.0,Atlanta Hartsfield - Jackson (ATL / KATL),sub,2019.0,Non-Fatal
2019-12-01,British Aerospace,N949CL,private,0.0,"near El Picudo, San Andrés",w/o,2019.0,Non-Fatal
2019-12-01,Beechcraft,C6-FER,Flamingo Air Charter,0.0,Black Point Airstrip (MYEB),sub,2019.0,Non-Fatal
2019-12-02,British Aerospace,false reg.,private,0.0,near San Andrés Villa Seca,w/o,2019.0,Non-Fatal
2019-12-03,British Aerospace,N469RJ,Business Jet Managers Inc,0.0,"Detroit-Coleman A. Young International Airport, MI (DET)",sub,2019.0,Non-Fatal
2019-12-03,Basler,C-FKAL,North Star Air,0.0,"0,5 km SW of Sachigo Lake Airport, ON (ZPB)",sub,2019.0,Non-Fatal
2019-12-06,British Aerospace,(N293WB),private,0.0,"0,4 km NW of Chan Chen, Corozal",w/o,2019.0,Non-Fatal
2019-12-09,Lockheed,990,Fuerza Aérea de Chile,38.0,520 km NW off King George Island,w/o,2019.0,Fatal
2019-12-09,Cessna,N4602B,Martinaire,1.0,"ca 11 km NE of Victoria Regional Airport, TX (VCT)",w/o,2019.0,Fatal
2019-12-10,de Havilland Canada DHC-8-402Q Dash 8,ET-AQC,Ethiopian Airlines,0.0,Juba Airport (JUB),sub,2019.0,Non-Fatal
2019-12-15,Airbus,VH-EBC,Qantas,0.0,"69 km south east Bathurst, NSW",non,2019.0,Non-Fatal
2019-12-15,Embraer,N648AE,"Piedmont Airlines, opf American Eagle",0.0,"Philadelphia, Pennsylvania",non,2019.0,Non-Fatal
2019-12-15,Grumman,(XB-BZH),private,0.0,Quiché,w/o,2019.0,Non-Fatal
2019-12-16,Embraer,N805AE,"Envoy Air, opf American Eagle",0.0,"Alexandria, Louisiana",non,2019.0,Non-Fatal
2019-12-16,Airbus,EC-LQO,Air Europa,0.0,near Madrid-Barajas Adolfo Suárez Airport (MAD/LEMD),non,2019.0,Non-Fatal
2019-12-17,Beechcraft,N160RW,Ritch Air LLC,0.0,"Visalia Airport, CA (VIS)",sub,2019.0,Non-Fatal
2019-12-18,Embraer,N959UW,American Airlines,0.0,"Disputanta, Virginia",non,2019.0,Non-Fatal
2019-12-18,Beechcraft,N72MM,WL Aviation LLC,0.0,"Fresno Yosemite International Airport, CA (FAT)",sub,2019.0,Non-Fatal
2019-12-18,Cessna,C-GOJG,C-GHGR Holdings,0.0,"near Scottsbluff, NE",sub,2019.0,Non-Fatal
2019-12-19,Boeing,N68802,United Airlines,0.0,"Chicago-O'Hare International Airport, IL (ORD/KORD)",non,2019.0,Non-Fatal
2019-12-19,Beechcraft,YV1104,Representaciones Aero3,9.0,near Charallave-Óscar Machado Zuloaga Airport,w/o,2019.0,Fatal
2019-12-21,Boeing,N7739A,Southwest Airlines,0.0,"near Kansas City International Airport, MO (MCI)",sub,2019.0,Non-Fatal
2019-12-22,Boeing,N87513,United Airlines,0.0,"Denver International Airport, CO (DEN/KDEN)",sub,2019.0,Non-Fatal
2019-12-24,Cessna,XA-TWN,Calafia Airlines,2.0,near Tastiota,w/o,2019.0,Fatal
2019-12-25,Airbus,B-50001,Tigerair Taiwan,0.0,100 km NNE of Miyazaki Airport,non,2019.0,Non-Fatal
2019-12-27,Cirrus,N52CV,private,0.0,"Santa Monica Airport, CA (SMO)",sub,2019.0,Non-Fatal
2019-12-27,Fokker,UP-F1007,Bek Air,12.0,near Almaty Airport (ALA),w/o,2019.0,Fatal
2019-12-28,Let,9S-GDX,Air Fast Congo,0.0,Kamina Airport (KMN),sub,2019.0,Non-Fatal
2019-12-29,Cessna,LV-FQD,Sunny Sky,0.0,"6 km from Otamendi, BA",sub,2019.0,Non-Fatal
2018-01-01,Airbus,G-EZII,Easyjet,0.0,80 nm NE of Barcelona Airport (LEBL),non,2018.0,Non-Fatal
2018-01-03,Airbus,G-DBCA,British Airways,0.0,near Verona Villafranca,non,2018.0,Non-Fatal
2018-01-05,Boeing,C-FPRP,Sunwing Airlines,0.0,"Toronto-Pearson International Airport, ON (YYZ)",sub,2018.0,Non-Fatal
2018-01-05,Boeing,C-FDMB,WestJet,0.0,"Toronto–Lester B. Pearson International Airport, Ontario (YYZ)",sub,2018.0,Non-Fatal
2018-01-06,Boeing,9K-AOC,Kuwait Airways,0.0,"New York-John F. Kennedy International Airport, NY (JFK/KJFK)",sub,2018.0,Non-Fatal
2018-01-06,Antonov,YV1944,Unknown,0.0,La Paragua Airport,w/o,2018.0,Non-Fatal
2018-01-09,Embraer,C6-MIC,Pineapple Air,0.0,Governor's Harbour Airport (GHB),sub,2018.0,Non-Fatal
2018-01-10,de Havilland Canada DHC-8-402Q Dash 8,SP-EQG,LOT Polskie Linie Lotnicze,0.0,Warszawa-Frédéric Chopin Airport (WAW/EPWA),sub,2018.0,Non-Fatal
2018-01-10,Gulfstream,RP-C280,Air Taxi PH,0.0,Legazpi-Bicol International Airport (LGP),sub,2018.0,Non-Fatal
2018-01-10,Fairchild,N561UP,Ameriflight,0.0,"Rock Springs-Sweetwater County Airport, WY (RKS)",sub,2018.0,Non-Fatal
2018-01-13,Boeing,TC-CPF,Pegasus Airlines,0.0,Trabzon Airport (TZX),sub,2018.0,Non-Fatal
2018-01-15,Airbus,5A-ONC,Afriqiyah Airways,0.0,Tripoli-Mitiga International Airport (MJI),sub,2018.0,Non-Fatal
2018-01-16,British Aerospace,S2-AAX,Bismillah Airlines,0.0,Jessore Airport (JSR),sub,2018.0,Non-Fatal
2018-01-17,IPTN/CASA CN-235M-100,98-148,Türk Hava Kuvvetleri (Turkish Air Force),3.0,"Hodulluca Mevkii, Yalvaç district",w/o,2018.0,Fatal
2018-01-18,Convair,XA-TRB,Air Tribe,0.0,"Brownsville-South Padre Island International Airport, TX (BRO)",sub,2018.0,Non-Fatal
2018-01-20,Let,UR-VTV,Galeyr Airline,0.0,Mogadishu Aden Adde International Airport (MGQ),sub,2018.0,Non-Fatal
2018-01-20,Embraer,5Y-CEI,"Delegation of the EU to Somalia, lsf AirTraffic Africa",0.0,Mogadishu Aden Adde International Airport (MGQ),unk,2018.0,Non-Fatal
2018-01-25,Gulfstream,5N-BTF,Nestoil,0.0,Abuja-Nnamdi Azikiwe International Airport (ABV/DNAA),sub,2018.0,Non-Fatal
2018-01-29,Shaanxi,30513,People's Liberation Army - Air Force - PLAAF,12.0,"Zhengchang, Suiyang County, Guizhou Province",w/o,2018.0,Fatal
2018-02-01,Airbus,VH-...,Qantas,0.0,"Sydney-Kingsford Smith International Airport, NSW (SYD/YSSY)",non,2018.0,Non-Fatal
2018-02-04,Raytheon,N570TM,"Travel Management, Inc",0.0,"Cleveland-Burke Lakefront Airport, OH (BKL)",sub,2018.0,Non-Fatal
2018-02-10,Boeing,EI-EKI,Ryanair,0.0,Canaries airspace,non,2018.0,Non-Fatal
2018-02-11,Antonov,RA-61704,Saratov Airlines,71.0,"near Stepanovskoye, Ramenskoye district",w/o,2018.0,Fatal
2018-02-13,Airbus,N858NW,Delta Air Lines,0.0,Lagos-Murtala Muhammed International Airport (LOS/DNMM),non,2018.0,Non-Fatal
2018-02-16,Fokker,EP-FQF,Qeshm Air,0.0,Mashhad Airport (MHD),sub,2018.0,Non-Fatal
2018-02-18,ATR,EP-ATS,Iran Aseman Airlines,66.0,15 km NE of Yasuj Airport (YES),w/o,2018.0,Fatal
2018-02-20,McDonnell Douglas,5N-SRI,Dana Air,0.0,Port Harcourt Airport (PHC),sub,2018.0,Non-Fatal
2018-02-21,Cessna,G-BZAH,Army Parachute Association,0.0,Netheravon Airport (EGDN),min,2018.0,Non-Fatal
2018-02-23,Beechcraft,C-GIAE,Island Express Air,0.0,"Abbotsford Airport, BC (YXX/CYXX)",sub,2018.0,Non-Fatal
2018-02-24,Airbus,N817NW,Delta Air Lines,0.0,"Minneapolis, Minnesota",non,2018.0,Non-Fatal
2018-02-26,Beechcraft,C-GJXF,Strait Air,0.0,"Havre-Saint-Pierre Airport, QC (YGV)",sub,2018.0,Non-Fatal
2018-02-28,Airbus,ES-SAN,SmartLynx Airlines Estonia,0.0,Tallinn-Lennart Meri Airport (TLL),sub,2018.0,Non-Fatal
2018-03-01,Beechcraft,YV1909,Unknown,0.0,Charallave-Óscar Machado Zuloaga Airport (SVCS),sub,2018.0,Non-Fatal
2018-03-04,Boeing,9S-ASG,Serve Air,0.0,Lubumbashi International Airport (FBM),sub,2018.0,Non-Fatal
2018-03-06,Antonov,RF-92955/52,Russian Air Force,39.0,"0,5 km from Latakia-Khmeimim Air Base (LTK)",w/o,2018.0,Fatal
2018-03-10,Learjet,N500MP,N500MP LLC,0.0,"Mount Pleasant Municipal Airport, MI (KMOP)",sub,2018.0,Non-Fatal
2018-03-11,Bombardier,TC-TRB,MC Aviation,11.0,130 km SW of Shahr-e Kurd,w/o,2018.0,Fatal
2018-03-12,de Havilland Canada DHC-8-402Q Dash 8,S2-AGU,US-Bangla Airlines,51.0,Kathmandu-Tribhuvan Airport (KTM),w/o,2018.0,Fatal
2018-03-14,Boeing,A6-EGU,Emirates,1.0,Entebbe Airport (EBB/HUEN),non,2018.0,Fatal
2018-03-15,Cessna,VH-PGA,West Coast Air Services,0.0,"Talbot Bay, WA",w/o,2018.0,Non-Fatal
2018-03-15,Beechcraft,YV3284 ?,Unknown,0.0,"near Blue Creek, Orange Walk Town",w/o,2018.0,Non-Fatal
2018-03-16,Beechcraft,N213AV,Ameriflight,0.0,"Hastings Airport, NE (HSI)",sub,2018.0,Non-Fatal
2018-03-17,Canadair,C-FDJA,"Air Canada Express, opb Jazz Aviation",0.0,"Montreal-Pierre Elliott Trudeau International Airport, QC (YUL)",sub,2018.0,Non-Fatal
2018-03-20,de Havilland Canada DHC-6 Twin Otter 300,N716JP,Bald Mountain Air Services,0.0,"225 km N of Deadhorse, AK",sub,2018.0,Non-Fatal
2018-03-21,Gulfstream,N90JE,Peyton Holdings LLC,0.0,"Miami, Florida",non,2018.0,Non-Fatal
2018-03-23,Boeing,OK-TVP,"SmartWings, opf Israir",0.0,Budapest Ferenc Liszt International Airport (BUD/LHBP),non,2018.0,Non-Fatal
2018-03-26,CASA,N107BH,Bighorn Airways,0.0,"Sheridan Airport, WY (SHR)",sub,2018.0,Non-Fatal
2018-03-26,CASA,N217BH,Bighorn Airways,0.0,"Sheridan Airport, WY (SHR)",unk,2018.0,Non-Fatal
2018-03-27,Airbus,G-EZMK,easyJet,0.0,Murcia-San Javier Airport (MJV),sub,2018.0,Non-Fatal
2018-03-28,Boeing,4X-EAK,El Al Israel Airlines,0.0,Tel Aviv-Ben Gurion International Airport (TLV/LLBG),sub,2018.0,Non-Fatal
2018-03-28,Boeing,D-ABLB,Germania,0.0,Tel Aviv-Ben Gurion International Airport (TLV/LLBG),sub,2018.0,Non-Fatal
2018-03-29,Beechcraft,N31TN,Lake Clark Air,0.0,"Pilot Point Airport, AK (PIP)",sub,2018.0,Non-Fatal
2018-03-29,ATR,XA-UAV,Aeromar,0.0,Mexico City-Benito Juárez International Airport (MEX),sub,2018.0,Non-Fatal
2018-03-29,ATR,XA-UYY,Aeromar,0.0,Mexico City-Benito Juárez International Airport (MEX),sub,2018.0,Non-Fatal
2018-03-29,Fairchild,CP-2459,Línea Aérea Amaszonas,0.0,Riberalta-Capitán Av. Selin Zeitun Lopez Airport (RIB),sub,2018.0,Non-Fatal
2018-03-30,Antonov,UR-KDM,Cavok Air,0.0,Gao Airport (GAQ),sub,2018.0,Non-Fatal
2018-03-30,Cessna,N126MT,2M Leasing LLC,0.0,"Orlando-Central Florida Regional Airport, FL (SFB)",sub,2018.0,Non-Fatal
2018-03-31,Cessna,N9339B,Skydive the Ranch,0.0,"near Gardiner Airport, NY",sub,2018.0,Non-Fatal
2018-04-04,Dassault,XA-CDT,Unknown,0.0,"Houston-William P. Hobby Airport, TX (HOU)",w/o,2018.0,Non-Fatal
2018-04-04,Learjet,N759SH,Henning Aviation LLC,0.0,"Houston-William P. Hobby Airport, TX (HOU)",w/o,2018.0,Non-Fatal
2018-04-04,Cessna,N900WL,MTC Enterprises LLC,0.0,"Houston-William P. Hobby Airport, TX (HOU)",w/o,2018.0,Non-Fatal
2018-04-04,Learjet,N626FX,Union Gas Air Ventures I LLC,0.0,"Houston-William P. Hobby Airport, TX (HOU)",w/o,2018.0,Non-Fatal
2018-04-04,Learjet,N618CW,ERG Holdings LLC,0.0,"Houston-William P. Hobby Airport, TX (HOU)",w/o,2018.0,Non-Fatal
2018-04-05,Antonov,UP-AN607,Mega Aircompany,0.0,Wau Airport (WUU),unk,2018.0,Non-Fatal
2018-04-09,Beechcraft,LN-NOA,Airwing,0.0,Stavanger-Sola Airport (SVG),sub,2018.0,Non-Fatal
2018-04-09,Boeing,HL7725,Korean Air,0.0,Osaka-Kansai International Airport (KIX),sub,2018.0,Non-Fatal
2018-04-11,Cessna,N814GV,"Hageland Aviation Services, opf Ravn Connect",0.0,"3,2 km N of Atqasuk Airport, AK (ATK)",sub,2018.0,Non-Fatal
2018-04-11,Ilyushin,7T-WIV,Al Quwwat al-Jawwiya al-Jaza'eriya,257.0,near Boufarik Air Base,w/o,2018.0,Fatal
2018-04-12,Cessna,5Y-SAV,Penial Air,0.0,"El Barde, Somalia - Wajir, Kenya",sub,2018.0,Non-Fatal
2018-04-13,Lockheed,158567,United States Navy,0.0,"near Omaha, NE",w/o,2018.0,Non-Fatal
2018-04-14,Antonov,EK-74036,Ayk Avia,0.0,Akola village,sub,2018.0,Non-Fatal
2018-04-15,Saab,C-GTWK,Transwest Air,0.0,"Prince Albert Airport, SK (YPA)",sub,2018.0,Non-Fatal
2018-04-15,de Havilland Canada DHC-6 Twin Otter 100,C-FSCA,Transwest Air,0.0,"Prince Albert Airport, SK (YPA)",sub,2018.0,Non-Fatal
2018-04-15,Bombardier,C-FXWT,Morningstar Partners Ltd.,0.0,"Winnipeg-James Armstrong Richardson International Airport, MB (YWG)",sub,2018.0,Non-Fatal
2018-04-15,Cessna,N4AT,Private,0.0,"Winnipeg-James Armstrong Richardson International Airport, MB (YWG)",sub,2018.0,Non-Fatal
2018-04-15,Cessna,N525P,private,1.0,"NW of Crozet, VA",w/o,2018.0,Fatal
2018-04-15,Airbus,B-6555,Air China,0.0,Zhengzhou-Xinzheng International Airport (CGO),non,2018.0,Non-Fatal
2018-04-16,Cessna,D-ISWA,Herbert Waldmann Lichttechnik GmbH & Co. KG,0.0,Le Touquet Airport (LTQ),sub,2018.0,Non-Fatal
2018-04-17,de Havilland Canada DHC-8-402Q Dash 8,G-JECX,Flybe,0.0,Newquay-Cornwall Airport (NQY),sub,2018.0,Non-Fatal
2018-04-17,Boeing,N772SW,Southwest Airlines,1.0,"105 km NW of Philadelphia, PA",sub,2018.0,Fatal
2018-04-18,Airbus,N806NW,Delta Air Lines,0.0,"Atlanta Hartsfield-Jackson International Airport, GA (ATL/KATL)",sub,2018.0,Non-Fatal
2018-04-20,McDonnell Douglas,N807WA,World Atlantic Airlines,0.0,"Alexandria International Airport, LA (AEX)",sub,2018.0,Non-Fatal
2018-04-23,Antonov,HA-MBJ,SZEMP Air Kft.,0.0,Eperjes area,sub,2018.0,Non-Fatal
2018-04-29,Beechcraft,N172GA,Alpine Aviation,0.0,"Sioux Falls Regional Airport (Jo Foss Field), SD (FSD)",sub,2018.0,Non-Fatal
2018-04-29,Lockheed,111,Libyan Air Force,3.0,2 km from Sharara Airstrip,w/o,2018.0,Fatal
2018-04-29,Boeing,PK-LOO,Lion Air,0.0,Gorontalo-Jalaluddin Airport (GTO),sub,2018.0,Non-Fatal
2018-04-30,Boeing,EI-GDZ,Ryanair,0.0,London-Stansted Airport (STN),sub,2018.0,Non-Fatal
2018-05-01,Boeing,N172DN,Delta Air Lines,0.0,"New York-John F. Kennedy International Airport, NY (JFK)",min,2018.0,Non-Fatal
2018-05-01,Bombardier,N606LR,"Delta Connection, opb Endeavor Air",0.0,"New York-John F. Kennedy International Airport, NY (JFK)",sub,2018.0,Non-Fatal
2018-05-02,Boeing,OO-JAY,TUI fly Belgium,0.0,Marrakech-Menara Airport (RAK),sub,2018.0,Non-Fatal
2018-05-02,Beechcraft,PNC0203,Servicio Aéreo de Policia,4.0,near Ibagué,w/o,2018.0,Fatal
2018-05-02,Lockheed,65-0968,United States Air Force - USAF,9.0,"ca 2 km NE of Savannah/Hilton Head International Airport, GA (SAV)",w/o,2018.0,Fatal
2018-05-03,Dassault,ZS-DEX,Blueport Trade 121 (Pty) Ltd.,0.0,Johannesburg/Germiston-Rand Airport (QRA),sub,2018.0,Non-Fatal
2018-05-04,Cessna,EC-MOQ,Aluminios Cortizo,0.0,Santiago de Compostela Airport (SCQ),sub,2018.0,Non-Fatal
2018-05-05,Embraer,PT-ZNF,Embraer,0.0,"Gavião Peixoto-Embraer Unidade Airport, SP (SBGP)",sub,2018.0,Non-Fatal
2018-05-07,Boeing,N8655D,Southwest Airlines,0.0,"Baltimore/Washington International Thurgood Marshall Airport, MD (BWI)",sub,2018.0,Non-Fatal
2018-05-12,Boeing,P2-PXE,Air Niugini,0.0,Port Moresby-Jacksons International Airport (POM),sub,2018.0,Non-Fatal
2018-05-12,Lockheed,N403LC,"Lynden Air Cargo, opf PNG Air",0.0,Port Moresby-Jacksons International Airport (POM),sub,2018.0,Non-Fatal
2018-05-13,Cessna,G-KNYS,"Irish Parachute Club, lsf Parachuting Caravan Leasing",2.0,"4,6 km NW of Clonbullogue Aerodrome",w/o,2018.0,Fatal
2018-05-13,Airbus,HL7792,Asiana Airlines,0.0,Istanbul-Atatürk International Airport (IST),sub,2018.0,Non-Fatal
2018-05-13,Airbus,TC-JMM,THY Turkish Airlines,0.0,Istanbul-Atatürk International Airport (IST),sub,2018.0,Non-Fatal
2018-05-16,Cessna,9N-AJU,Makalu Air,2.0,Bahun Khark,w/o,2018.0,Fatal
2018-05-18,Boeing,XA-UHZ,"Cubana de Aviación, lsf Global Air",112.0,1 km E of Havana-José Martí International Airport (HAV/MUHA),w/o,2018.0,Fatal
2018-05-20,Gulfstream,B-8129,Star Jet,0.0,Yangzhou Taizhou International Airport (YTY),sub,2018.0,Non-Fatal
2018-05-21,Airbus,TC-OCH,"Saudi Arabian Airlines, lsf Onur Air",0.0,Jeddah-King Abdulaziz International Airport (JED),sub,2018.0,Non-Fatal
2018-05-22,Gulfstream,N813WM,Silver Air,0.0,Tegucigalpa-Toncontin Airport (TGU),w/o,2018.0,Non-Fatal
2018-05-22,Cessna,PT-FLW,Amazonaves Táxi Aéreo,0.0,"near Manaus-Aeroclube de Flores Airport, AM",w/o,2018.0,Non-Fatal
2018-05-23,Beechcraft,N800HA,Titan Drilling,0.0,Kolwezi Airport (KWZ),sub,2018.0,Non-Fatal
2018-05-23,Beechcraft,N905GP,Air Katanga,0.0,Kolwezi Airport (KWZ),min,2018.0,Non-Fatal
2018-05-24,Fairchild,XA-UPP,Aeronaves TSM,0.0,Saltillo-Plan de Guadalupe International Airport (SLW),sub,2018.0,Non-Fatal
2018-05-30,Cessna,5Y-ETY,Asure Air,0.0,4 km from Obo-Mission Airstrip,sub,2018.0,Non-Fatal
2018-05-30,Cessna,5X-MRH,"Air Serv Limited, opf UNHAS",0.0,Kamonia Airstrip,sub,2018.0,Non-Fatal
2018-06-03,Lockheed,7T-WHT,Al Quwwat al-Jawwiya al-Jaza'eriya,1.0,near Biskra Airport (BSK),w/o,2018.0,Fatal
2018-06-05,Cessna,5Y-CAC,Fly-SAX,10.0,14 km NE of Njabini,w/o,2018.0,Fatal
2018-06-06,Antonov,YR-DAX,Aeroserv,0.0,"Baleni, Galati County",w/o,2018.0,Non-Fatal
2018-06-06,Cessna,D-IULI,ProAir,0.0,Saint Tropez-La Môle Airport (LTT),sub,2018.0,Non-Fatal
2018-06-09,de Havilland Canada DHC-6 Twin Otter 300,9N-AEV,Tara Air,0.0,Jumla Airport (JUM),sub,2018.0,Non-Fatal
2018-06-10,Boeing,N750AN,American Airlines,0.0,"Decatur, Texas",non,2018.0,Non-Fatal
2018-06-10,Boeing,N276EA,"Swiftair, opf Smartwings",0.0,Heraklion-N. Kazantzakis Airport (HER/LGIR),sub,2018.0,Non-Fatal
2018-06-10,Boeing,N826AN,American Airlines,0.0,near Harbin,non,2018.0,Non-Fatal
2018-06-10,de Havilland Canada DHC-8-402Q Dash 8,C-FNEN,WestJet Encore,0.0,"SE of Kamloops, BC",non,2018.0,Non-Fatal
2018-06-10,Gulfstream,N450MB,private,0.0,Panama City Albrook-Marcos A. Gelabert International Airport (PAC),sub,2018.0,Non-Fatal
2018-06-11,Pilatus,VP-FBM,Falkland Islands Government Air Service - FIGAS,0.0,Beaver Island Airstrip,sub,2018.0,Non-Fatal
2018-06-11,Airbus,D-AIFA,Lufthansa,0.0,Frankfurt International Airport (FRA/EDDF),sub,2018.0,Non-Fatal
2018-06-12,Boeing,N8693A,Southwest Airlines,0.0,"Phoenix, Arizona",non,2018.0,Non-Fatal
2018-06-14,McDonnell Douglas,UR-CPR,Bravo Airways,0.0,Kyiv-Igor Sikorsky International Airport (IEV),sub,2018.0,Non-Fatal
2018-06-14,de Havilland Canada DHC-8-202Q Dash 8,P2-ANX,LinkPNG,0.0,Mendi Airport (MDU),w/o,2018.0,Non-Fatal
2018-06-16,Embraer,N637CZ,"Delta Connection, opb Compass Airlines",0.0,"Cut Bank, Montana",non,2018.0,Non-Fatal
2018-06-18,Cessna,PK-FSL,Spirit Avia Sentosa,0.0,"6,7 km E of Nabire Airport (NBX)",sub,2018.0,Non-Fatal
2018-06-21,Embraer,N876RW,"Delta Connection, opb Republic Airlines",0.0,"Columbus-John Glenn International Airport, OH (CMH)",sub,2018.0,Non-Fatal
2018-06-22,Boeing,LN-DYE,Norwegian,0.0,Alta Airport (ALF/ENAT),non,2018.0,Non-Fatal
2018-06-22,de Havilland Canada DHC-6 Twin Otter 300,PK-HVU,Dimonim Air,0.0,Kenyam Airstrip,min,2018.0,Non-Fatal
2018-06-24,Boeing,JA8944,Japan Airlines (JAL),0.0,over Kurihara City,non,2018.0,Non-Fatal
2018-06-24,Let,3X-AAK,Eagle Air (Guinea),4.0,"Souguéta, Kindia",w/o,2018.0,Fatal
2018-06-25,de Havilland Canada DHC-6 Twin Otter 300,PK-YRU,Trigana Air Service,0.0,Kenyam Airstrip,min,2018.0,Non-Fatal
2018-06-26,Learjet,N57,Federal Aviation Administration - FAA,0.0,"Salt Lake City International Airport, UT (SLC)",sub,2018.0,Non-Fatal
2018-06-26,Airbus,HL8286,Asiana Airlines,0.0,Seoul-Gimpo (Kimpo) International Airport (SEL),min,2018.0,Non-Fatal
2018-06-26,Boeing,HL7764,Korean Air,0.0,Seoul-Gimpo (Kimpo) International Airport (SEL),sub,2018.0,Non-Fatal
2018-06-27,Antonov,RA-62524,Feniks,0.0,"Nizhneudinsk, Irkutsk region",sub,2018.0,Non-Fatal
2018-06-30,Airbus,N278AY,American Airlines,0.0,"120 nm NE of Gander, NL",non,2018.0,Non-Fatal
2018-06-30,IRMA/Pilatus Britten-Norman BN-2A-26 Islander,V3-HFB,Maya Island Air,0.0,San Pedro Airport (SPR),sub,2018.0,Non-Fatal
2018-07-04,Cessna,N208EE,Air Choice One,0.0,"Chicago-O'Hare International Airport, IL (ORD/KORD)",sub,2018.0,Non-Fatal
2018-07-05,Dornier,VH-VJN,GAM - General Aviation Maintenance,0.0,"Thangool Airport, QLD (THG)",sub,2018.0,Non-Fatal
2018-07-05,Cessna,5Y-BUC,Flex Air Charters,0.0,"1,2 km from Padek Airstrip",sub,2018.0,Non-Fatal
2018-07-06,ATR,CS-DJG,"TAP Express, opb White Airways",0.0,Fez-Sais Airport (FEZ),sub,2018.0,Non-Fatal
2018-07-09,ATR,CN-COH,RAM Express,0.0,"2,6 km N off Al Hoceima-Charif Al Idrissi Airport (AHU)",sub,2018.0,Non-Fatal
2018-07-09,de Havilland Canada DHC-3T Texas Turbine Otter,C-GBQC,Ookpik Aviation,0.0,"Parker Lake, NU",sub,2018.0,Non-Fatal
2018-07-10,de Havilland Canada DHC-3T Vazar Turbine Otter,N3952B,Taquan Air,0.0,"Mount Jumbo, Prince of Wales Island, AK",sub,2018.0,Non-Fatal
2018-07-10,Convair,ZS-BRV,Rovos Air,1.0,6 km ESE of Pretoria-Wonderboom Airport (PRY),w/o,2018.0,Fatal
2018-07-11,Douglas,HK-3293,Air Colombia,0.0,San Felipe Airport,sub,2018.0,Non-Fatal
2018-07-16,Boeing,PR-GGD,Gol Linhas Aéreas,0.0,"Belo Horizonte-Tancredo Neves International Airport, MG (CNF)",sub,2018.0,Non-Fatal
2018-07-16,Boeing,LV-HQY,Flybondi,0.0,"Cataratas del Iguazú-M.C.E. Krause Airport, MI (IGR)",sub,2018.0,Non-Fatal
2018-07-16,Curtiss C-46F-1-CU Commando,N1822M,Everts Air Fuel,0.0,"Manley Hot Springs Airport, AK (MLY)",sub,2018.0,Non-Fatal
2018-07-20,Boeing,C-FJZK,Air Canada Rouge,0.0,"140 nm SSE of Lovelock, NV",non,2018.0,Non-Fatal
2018-07-20,Antonov,UP-AN611,Kazairtrans Airline,0.0,50 km from Al Alamain,w/o,2018.0,Non-Fatal
2018-07-21,Douglas,N47HL,"Commemorative Air Force, Highland Lakes Squadron",0.0,"Burnet Municipal Kate Craddock Field, TX",w/o,2018.0,Non-Fatal
2018-07-22,Cessna,N752TX,Textron Inc.,0.0,Cork Airport (ORK/EICK),sub,2018.0,Non-Fatal
2018-07-23,McDonnell Douglas,N918DE,Delta Air Lines,0.0,"Charlotte-Douglas International Airport, NC (CLT/KCLT)",non,2018.0,Non-Fatal
2018-07-23,Airbus,N328NB,Delta Air Lines,0.0,"West Palm Beach, Florida",non,2018.0,Non-Fatal
2018-07-23,Cessna,N866VP,OzAir Charter Service,0.0,"near Tulsa International Airport, OK (TUL)",sub,2018.0,Non-Fatal
2018-07-26,Boeing,UP-B5705,"Sunday Airlines, opf SCAT Airlines",0.0,Almaty Airport (ALA/UAAA),sub,2018.0,Non-Fatal
2018-07-27,Boeing,N641GT,Atlas Air,0.0,"Portsmouth International Airport at Pease, NH (PSM)",sub,2018.0,Non-Fatal
2018-07-27,Antonov,9S-GFS,Air Kasai,5.0,3 km E of Kamako Airstrip,w/o,2018.0,Fatal
2018-07-28,IRMA/Britten-Norman BN-2A-27 Islander,YJ-AL2,Air Taxi Vanuatu,0.0,Port Vila-Bauerfield Airport (VLI),sub,2018.0,Non-Fatal
2018-07-28,Britten-Norman,YJ-OO9,Unity Airlines,0.0,Port Vila-Bauerfield Airport (VLI),w/o,2018.0,Non-Fatal
2018-07-28,ATR,YJ-AV71,Air Vanuatu,0.0,Port Vila-Bauerfield Airport (VLI),sub,2018.0,Non-Fatal
2018-07-30,Antonov,RA-40649,private,0.0,"Evenki district, Krasnoyarsk Krai",sub,2018.0,Non-Fatal
2018-07-31,Boeing,N192AN,American Airlines,0.0,"Philadelphia International Airport, PA (PHL/KPHL)",sub,2018.0,Non-Fatal
2018-07-31,Embraer,XA-GAL,Aeroméxico Connect,0.0,Durango-Guadalupe Victoria Airport (DGO),w/o,2018.0,Non-Fatal
2018-08-01,Beechcraft,N557AP,Atlantic Transportation of Wilmington LLC,0.0,"near Wilmington-New Hanover County International Airport, NC (ILM)",sub,2018.0,Non-Fatal
2018-08-03,Shijiazhuang,B-50AA,Heilongjiang Kunpeng General Aviation Co.,0.0,32 km E of Tongjiang,sub,2018.0,Non-Fatal
2018-08-04,Junkers Ju-52/3mg4e,HB-HOT,Ju-Air,20.0,"1,2 km SW of Piz Segnas",w/o,2018.0,Fatal
2018-08-06,Airbus,PT-MXA,LATAM Airlines Brasil,0.0,"Choró, CE",non,2018.0,Non-Fatal
2018-08-07,Dassault,N961AA,Alliance Air Charter,0.0,ca 3 km from San Luis Potosí Airport (SLP),sub,2018.0,Non-Fatal
2018-08-07,Cessna,VT-UDN,Supreme Airlines,0.0,Lalgarh Airport,sub,2018.0,Non-Fatal
2018-08-09,Boeing,TC-JJZ,THY Turkish Airlines,0.0,Istanbul-Atatürk International Airport (IST),sub,2018.0,Non-Fatal
2018-08-09,Boeing,CN-RGT,Royal Air Maroc - RAM,0.0,Istanbul-Atatürk International Airport (IST),sub,2018.0,Non-Fatal
2018-08-10,de Havilland Canada DHC-8-402Q Dash 8,N449QX,"Horizon Air, opf Alaska Airlines",1.0,"Ketron Island, WA",w/o,2018.0,Fatal
2018-08-13,Airbus,N204HA,Hawaiian Airlines,0.0,"Los Angeles International Airport, CA (LAX)",sub,2018.0,Non-Fatal
2018-08-13,Cessna,N526CP,Vancon Holdings,1.0,"Payson, UT",w/o,2018.0,Fatal
2018-08-15,Boeing,B-KPY,Cathay Pacific Airways,0.0,Roma-Fiumicino Airport (FCO),sub,2018.0,Non-Fatal
2018-08-16,Boeing,B-5498,Xiamen Airlines,0.0,Manila-Ninoy Aquino International Airport (MNL),sub,2018.0,Non-Fatal
2018-08-19,de Havilland Canada DHC-8-402Q Dash 8,N404AV,LC Perú,0.0,Lima-Jorge Chávez International Airport (LIM),sub,2018.0,Non-Fatal
2018-08-19,Antonov,D-FOJB,Ostthüringer Fallschirmsportclub - OFC,0.0,Gera-Leumnitz Airfield (EDAJ),sub,2018.0,Non-Fatal
2018-08-24,Boeing,EI-LBT,Aer Lingus,0.0,"Philadelphia International Airport, PA (PHL/KPHL)",non,2018.0,Non-Fatal
2018-08-25,Grumman,N1955G,Stargazer Aero,0.0,"680 km WNW off Cape Hatteras, NC",w/o,2018.0,Non-Fatal
2018-08-26,Harbin,HK-5036,SATENA,0.0,Santafé del Caguán,sub,2018.0,Non-Fatal
2018-08-26,Boeing,C-FMWV,Air Canada Rouge,0.0,"31 km N of Vancouver International Airport, BC (YVR)",sub,2018.0,Non-Fatal
2018-08-26,Cessna,5Y-BOP,Bush Air Safaris,0.0,Pieri Airstrip,sub,2018.0,Non-Fatal
2018-08-27,Airbus,JA14VA,Vanilla Air,0.0,45 KM East of Miyazaki Airport,non,2018.0,Non-Fatal
2018-08-28,Antonov,LZ-1409,Air Mizia,0.0,near Brusartsi,sub,2018.0,Non-Fatal
2018-08-28,Airbus,B-6952,Beijing Capital Airlines,0.0,Macau Airport (MFM),sub,2018.0,Non-Fatal
2018-08-30,de Havilland Canada DHC-6 Twin Otter 300,ET-AIU/808,Ethiopian Air Force,18.0,near Mojo,w/o,2018.0,Fatal
2018-08-31,Cessna,TC-OYD,Boydak Air,0.0,Bourgas Airport (BOJ),sub,2018.0,Non-Fatal
2018-09-01,Boeing,VQ-BJI,Utair,0.0,Adler/Sochi Airport (AER),w/o,2018.0,Non-Fatal
2018-09-03,Beechcraft,N97WC,West Coast Aviation Services,0.0,"Burbank-Bob Hope Airport, CA (BUR)",sub,2018.0,Non-Fatal
2018-09-06,Boeing,N173AN,American Airlines,0.0,"near New York, NY",non,2018.0,Non-Fatal
2018-09-06,Beechcraft,PT-LJN,VOAR Aviação,0.0,"Itapaci, GO",sub,2018.0,Non-Fatal
2018-09-09,Let,UR-TWO,"South West Aviation, lsf Slav-Air",20.0,"1,6 km W of Yirol Airstrip",w/o,2018.0,Fatal
2018-09-10,Boeing,N950NN,American Airlines,0.0,"Phoenix-Sky Harbor International Airport, AZ (PHX/KPHX)",non,2018.0,Non-Fatal
2018-09-15,Boeing,C-FNNW,Air Canada,0.0,NE of Nova Scotia,non,2018.0,Non-Fatal
2018-09-15,Canadair,C-FOFI,Government of Newfoundland and Labrador,0.0,"Whitehead Pond, NL",sub,2018.0,Non-Fatal
2018-09-16,Boeing,F-GSQL,Air France,0.0,Mauritius-Sir Seewoosagur Ramgoolam International Airport (MRU/FIMP),non,2018.0,Non-Fatal
2018-09-16,Boeing,TC-ACM,"Saudi Arabian Airlines, lsf ACT Airlines",0.0,Frankfurt International Airport (FRA/EDDF),sub,2018.0,Non-Fatal
2018-09-17,Ilyushin,RF-93610,Russian Air Force,15.0,35 km W off Latakia-Khmeimim Air Base (LTK),w/o,2018.0,Fatal
2018-09-17,Airbus,HS-ABI,Thai AirAsia,0.0,Bangkok-Don Muang International Airport (DMK/VTBD),sub,2018.0,Non-Fatal
2018-09-18,Antonov,YU-BRK,STS Aviatsija,0.0,near Jagodina,sub,2018.0,Non-Fatal
2018-09-18,British Aerospace,N109BG,Starjet Inc.,0.0,"Santa Fe Airport, NM (SAF)",sub,2018.0,Non-Fatal
2018-09-20,Embraer,N233SW,Berry Aviation,0.0,"south of Lake Jackson, TX",sub,2018.0,Non-Fatal
2018-09-23,Boeing,N13113,United Airlines,0.0,"Newark Liberty International Airport, NJ (ERW/KEWR)",non,2018.0,Non-Fatal
2018-09-24,Honda HA-420 HondaJet,PR-TLZ,América Latina Tecnologia Agrícola - ALTA,0.0,"Foz do Iguaçu/Cataratas Airport, PR (IGU/SBFI)",sub,2018.0,Non-Fatal
2018-09-24,Airbus,RP-C3435,Philippine Air Lines,0.0,"Vancouver International Airport, BC (YVR/CYVR)",sub,2018.0,Non-Fatal
2018-09-25,Beechcraft,N241CK,Kalitta Charters,1.0,"6,4 km SW of Oscoda Wurtsmith Airport, MI",w/o,2018.0,Fatal
2018-09-26,Airbus,N994AN,American Airlines,0.0,"Dallas/Fort Worth International Airport, TX (DFW/KDFW)",non,2018.0,Non-Fatal
2018-09-27,Airbus,C-GFAT,Air Transat,0.0,over North Atlantic Ocean,non,2018.0,Non-Fatal
2018-09-27,Cessna,VH-FAY,CGG Aviation Australia,1.0,"120 km E off Sendai, Japan",w/o,2018.0,Fatal
2018-09-27,Dassault,N114TD,Air America Flight Services,2.0,"Greenville Downtown Airport, SC (GMU)",sub,2018.0,Fatal
2018-09-28,Airbus,PT-MZJ,LATAM Airlines Brasil,0.0,"São Paulo-Congonhas Airport, SP (CGH)",sub,2018.0,Non-Fatal
2018-09-28,Boeing,P2-PXE,Air Niugini,1.0,"0,5 km from Chuuk/Weno International Airport (TKK)",sub,2018.0,Fatal
2018-10-01,Antonov,YV1719,Inversiones Moraima,0.0,42 km SE of Uriman,sub,2018.0,Non-Fatal
2018-10-03,Beechcraft,N575Q,"Ravn Connect, opb Frontier Flying Service",0.0,"Gambell Airport, AK (GAM)",sub,2018.0,Non-Fatal
2018-10-03,Antonov,7706,Al Quwwat al-Jawwiya As-Sudaniya (Sudanese Air Force),0.0,Khartoum Airport (KRT),w/o,2018.0,Non-Fatal
2018-10-03,Antonov,7721,Al Quwwat al-Jawwiya As-Sudaniya (Sudanese Air Force),0.0,Khartoum Airport (KRT),w/o,2018.0,Non-Fatal
2018-10-08,Boeing,HS-TGF,Thai Airways International,0.0,Bangkok-Suvarnabhumi International Airport (BKK/VTBS),sub,2018.0,Non-Fatal
2018-10-09,Boeing,N287WN,Southwest Airlines,0.0,"Nashville International Airport, TN (BNA/KBNA)",non,2018.0,Non-Fatal
2018-10-10,Cessna,PK-JBR,Jhonlin Air Transport,0.0,Beoga Airstrip,sub,2018.0,Non-Fatal
2018-10-10,Sukhoi Superjet 100-95B,RA-89011,Yakutia Airlines,0.0,Yakutsk Airport (YKS),sub,2018.0,Non-Fatal
2018-10-11,Boeing,N734SA,Southwest Airlines,0.0,"San Jose, California",non,2018.0,Non-Fatal
2018-10-12,Airbus,N926FR,Frontier Airlines,0.0,"Denver International Airport, CO (DEN/KDEN)",non,2018.0,Non-Fatal
2018-10-12,ATR,5N-BPE,Overland Airways,0.0,Lagos-Murtala Muhammed International Airport (LOS),w/o,2018.0,Non-Fatal
2018-10-12,Boeing,VT-AYD,Air India Express,0.0,Tiruchirappalli-Civil Airport (TRZ),sub,2018.0,Non-Fatal
2018-10-15,Boeing,N7816B,Southwest Airlines,0.0,"Albany, New York",non,2018.0,Non-Fatal
2018-10-15,Boeing,VT-ALN,Air India,0.0,Mumbai-Chhatrapati Shivaji International Airport (BOM/VABB),non,2018.0,Non-Fatal
2018-10-29,Boeing,PK-LQP,Lion Air,189.0,15 km N off Tanjung Bungin,w/o,2018.0,Fatal
2018-10-31,Airbus,N817NW,Delta Air Lines,0.0,Paris-Charles de Gaulle Airport (CDG),sub,2018.0,Non-Fatal
2018-10-31,Airbus,F-GZCI,Air France,0.0,Paris-Charles de Gaulle Airport (CDG),sub,2018.0,Non-Fatal
2018-11-07,Boeing,N908AR,Sky Lease Cargo,0.0,"Halifax-Stanfield International Airport, NS (YHZ/CYHZ)",sub,2018.0,Non-Fatal
2018-11-08,Antonov,RA-84674,2nd Arkhangelsk United Aviation Division,0.0,50 km NE of Arkhangelsk-Talaghy Airport (ARH),w/o,2018.0,Non-Fatal
2018-11-09,Lockheed,4180,Pakistan Air Force,0.0,Chaklala-PAF Base Nur Khan (RWP),w/o,2018.0,Non-Fatal
2018-11-09,Boeing,N524AT,Fly Jamaica Airways,1.0,Georgetown-Cheddi Jagan International Airport (GEO),sub,2018.0,Fatal
2018-11-11,Embraer,P4-KCJ,Air Astana,0.0,NE of Lisbon,sub,2018.0,Non-Fatal
2018-11-12,Hawker,N406J,Songbird Aviation LLC,0.0,"Winder-Barrow County Airport, GA (WDR)",sub,2018.0,Non-Fatal
2018-11-15,de Havilland Canada DHC-8-315Q Dash 8,C-FPAE,PAL Airlines,0.0,"Stephenville International Airport, NL (YJT)",sub,2018.0,Non-Fatal
2018-11-16,British Aerospace,HK-4394,SARPA - Servicios Aéreos Panamericanos,0.0,Bahía Solano-José Celestino Mutis Airport (BSC),sub,2018.0,Non-Fatal
2018-11-21,Fairchild,C-FYAG,Perimeter Aviation,0.0,"Deer Lake Airport, ON (YVZ)",sub,2018.0,Non-Fatal
2018-11-22,Boeing,OB-2041-P,Peruvian Airlines,0.0,La Paz-El Alto Airport (LPB),sub,2018.0,Non-Fatal
2018-11-24,ATR,AP-BKW,Pakistan International Airlines - PIA,0.0,Karachi-Jinnah International Airport (KHI),sub,2018.0,Non-Fatal
2018-11-26,Cessna,PP-OEG,ARG Ltda.,4.0,"near Jequitaí-Fazenda Fortaleza de Santa Terezinha Airport, MG",w/o,2018.0,Fatal
2018-11-30,Cessna,N941JM,"Dirt Dynamics, Inc.",0.0,"Fargo-Hector International Airport, ND (FAR)",sub,2018.0,Non-Fatal
2018-11-30,Cessna,N525EG,Estoair LLC,3.0,"4 km WSW of Memphis, IN",w/o,2018.0,Fatal
2018-12-01,Airbus,N632NK,Spirit Airlines,0.0,"near Las Vegas, NV",non,2018.0,Non-Fatal
2018-12-01,Bombardier,N202PS,PSA Airlines,0.0,"New York-La Guardia Airport, NY (LGA)",sub,2018.0,Non-Fatal
2018-12-03,Hawker,4X-CUZ,Arrow Aviation Ltd.,0.0,Tel Aviv-Ben Gurion International Airport (TLV/LLBG),sub,2018.0,Non-Fatal
2018-12-03,Boeing,N868NN,American Airlines,0.0,"Chicago-O'Hare International Airport, IL (ORD/KORD)",non,2018.0,Non-Fatal
2018-12-04,Boeing,N193DN,Delta Air Lines,0.0,"SUNNS intersection, Osaka",non,2018.0,Non-Fatal
2018-12-04,Airbus,SX-EMY,Ellinair,0.0,Athens-Elefthérios Venizélos International Airport (ATH/LGAV),sub,2018.0,Non-Fatal
2018-12-06,Lockheed,167981,United States Marine Corps,5.0,"100 km SSE off Muroto Cape, Japan",w/o,2018.0,Fatal
2018-12-08,Airbus,HS-TXQ,Thai Smile,0.0,near Bangkok-Suvarnabhumi International Airport (BKK/VTBS),non,2018.0,Non-Fatal
2018-12-08,Beechcraft,VH-ODI,Desert-Air Safaris,0.0,"Mount Gambier Airport, SA (MGB)",sub,2018.0,Non-Fatal
2018-12-08,Pilatus,VH-OBL,Par-Avion,1.0,"101 km WSW of Hobart, TAS",w/o,2018.0,Fatal
2018-12-10,Airbus,XA-MRC,AeroUnion - Aerotransporte de Carga Union,0.0,Mexico City-Benito Juárez International Airport (MEX),sub,2018.0,Non-Fatal
2018-12-11,Boeing,C-FITW,Air Canada,0.0,Hong Kong-Chek Lap Kok International Airport (HKG/VHHH),sub,2018.0,Non-Fatal
2018-12-15,Learjet,N55FN,Med Air LLC,0.0,"Key West International Airport, FL (EYW)",sub,2018.0,Non-Fatal
2018-12-18,Boeing,ET-AUP,Ethiopian Airlines,0.0,Oslo-Gardermoen Airport (OSL),sub,2018.0,Non-Fatal
2018-12-18,Dornier,S9-AUN,Africa's Connection STP,0.0,São Tomé Island Airport (TMS/FPST),sub,2018.0,Non-Fatal
2018-12-20,Antonov,9S-AGB,Gomair,7.0,ca 37 km from Kinshasa-N'Djili Airport (FIH),w/o,2018.0,Fatal
2018-12-20,Cessna,N188CW,Chen Aircrafts LLC,4.0,"2 km NE of Atlanta-Fulton County Airport, GA (FTY)",w/o,2018.0,Fatal
2018-12-22,PZL-Mielec M28 Skytruck,GNB-96107,Guardia Nacional Bolivariana de Venezuela - GNBV,0.0,Kamarata Airport (KTV),sub,2018.0,Non-Fatal
2018-12-24,Antonov,9T-TAB,Air Force of the Democratic Republic of the Congo,0.0,Beni Airport (BNC),w/o,2018.0,Non-Fatal
2018-12-31,Boeing,N938UW,American Airlines,0.0,"Charlotte-Douglas International Airport, NC (CLT/KCLT)",sub,2018.0,Non-Fatal
,Rockwell,N337KL,private,0.0,"Eugene Airport, OR (EUG)",sub,,Non-Fatal
2022-01-03,British Aerospace,ZS-NRJ,SA Airlink,0.0,near Venetia Mine Airport,sub,2022.0,Non-Fatal
2022-01-04,British Aerospace,HR-AYY,LANHSA - Línea Aérea Nacional de Honduras S.A,0.0,Roatán-Juan Manuel Gálvez International Airport (RTB),sub,2022.0,Non-Fatal
2022-01-05,Boeing,EP-CAP,Caspian Airlines,0.0,Isfahan-Shahid Beheshti Airport (IFN),sub,2022.0,Non-Fatal
2022-01-08,Tupolev Tu-204-100C,RA-64032,"Cainiao, opb Aviastar-TU",0.0,Hangzhou Xiaoshan International Airport (HGH),w/o,2022.0,Non-Fatal
2022-01-16,Airbus,JA24MC,Star Flyer,0.0,near Okayama City,non,2022.0,Non-Fatal
2022-01-19,Cessna,YV3033,Mahan Air,0.0,"near Vakilabad, Arzuiyeh",sub,2022.0,Non-Fatal
2022-01-22,Airbus,N760JB,JetBlue Airways,0.0,"Hayden-Yampa Valley Airport, CO (HDN)",sub,2022.0,Non-Fatal
2022-01-27,Bombardier,2-SLOW,Volare Aviation,0.0,Heraklion-N. Kazantzakis Airport (HER/LGIR),sub,2022.0,Non-Fatal
2022-01-31,Bombardier,N999PX,Lima Delta Co Trustee,0.0,London-Stansted Airport (STN),sub,2022.0,Non-Fatal
2022-01-31,Beechcraft,C-GEAS,"Air Tindi, opf Royal Canadian Air Force - RCAF",0.0,"Thunder Bay Airport, ON (YQT)",sub,2022.0,Non-Fatal
2022-02-02,Hawker,N207K,Skyview LLC,0.0,"Islip-Long Island MacArthur Airport, NY (ISP)",sub,2022.0,Non-Fatal
2022-02-05,Cessna,5H-TAZ,Care Aviation,0.0,New Fangak Airstrip,sub,2022.0,Non-Fatal
2022-02-07,Embraer,OH-LKK,Finnair,0.0,København-Kastrup Airport (CPH),sub,2022.0,Non-Fatal
2022-02-08,Antonov,SP-402,South Sudanese Air Force,0.0,Agok Airstrip,sub,2022.0,Non-Fatal
2022-02-11,Cessna,LV-JUO,Aviajet SA,0.0,"Morón-Ituzaingo Airport, BA",sub,2022.0,Non-Fatal
2022-02-11,Antonov,RA-33599,Kamchatsky Krechet,2.0,"1 km SW of Koryaki, Yelizovsky district, Kamchatka",w/o,2022.0,Fatal
2022-02-14,Let,9S-GFA,Doren Air Congo,0.0,Bukavu-Kavumu Airport (BKY),w/o,2022.0,Non-Fatal
2022-02-15,ATR,JA04JC,Japan Air Commuter,0.0,55 km NNW of Osaka Airport,non,2022.0,Non-Fatal
2022-02-15,Britten-Norman,N821RR,Air Flamenco,0.0,Culebra Airport (CPX),sub,2022.0,Non-Fatal
2022-02-16,Swearingen,HK-5225,Colcharter,0.0,San Andres Island-Gustavo Rojas Pinilla Airport (ADZ),sub,2022.0,Non-Fatal
2022-02-18,Embraer,N68NH,Eclipse Transport LLC,0.0,"Detroit-Coleman A. Young International Airport, MI (DET)",sub,2022.0,Non-Fatal
2022-02-21,de Havilland Canada DHC-3T Texas Turbine Otter,N413JP,Bald Mountain Air Services,0.0,"Umiat Airport, AK (UMT)",sub,2022.0,Non-Fatal
2022-02-21,Raytheon,N99AP,Roper Aviation LLC,0.0,"Aspen-Pitkin County Airport, CO (ASE/KASE)",sub,2022.0,Non-Fatal
2022-02-23,Cessna,5X-ASD,Air Serv Limited,0.0,Bor Airport (HSBR),sub,2022.0,Non-Fatal
2022-02-24,Antonov,UR-09307,Antonov Airlines,0.0,Kyiv-Gostomel Airport (GML),sub,2022.0,Non-Fatal
2022-02-24,Antonov,UR-13395,Antonov Airlines,0.0,Kyiv-Gostomel Airport (GML),w/o,2022.0,Non-Fatal
2022-02-24,Antonov,UR-74010,Antonov Airlines,0.0,Kyiv-Gostomel Airport (GML),w/o,2022.0,Non-Fatal
2022-02-24,Cessna,N10JA,GoJump Oceanside,0.0,"0,4 km NE of Oceanside Municipal Airport, CA (OCN/KOKB)",sub,2022.0,Non-Fatal
2022-02-24,Antonov,59 blue,Ukraine Air Force,5.0,ca 2 km N of Zhukivtsi,w/o,2022.0,Fatal
2022-02-26,Cessna,5H-MZA,AB Aviation,14.0,"2,5 km NW off Mohéli-Bandar es Eslam Airport (NWA)",w/o,2022.0,Fatal
2022-02-27,Antonov,UR-82009,Antonov Airlines,0.0,Kyiv-Gostomel Airport (GML),sub,2022.0,Non-Fatal
2022-02-27,Antonov,UR-82060,Antonov Airlines,0.0,Kyiv-Gostomel Airport (GML),w/o,2022.0,Non-Fatal
2022-02-28,Cessna,N108RF,Revolution Flight,0.0,"Campbellton, TX",sub,2022.0,Non-Fatal
2022-02-28,Embraer,N402YX,"American Eagle, opb Republic Airlines",0.0,"Washington-Ronald Reagan National Airport, DC (DCA)",min,2022.0,Non-Fatal
2022-02-28,Cessna,PK-FSW,Spirit Avia Sentosa,0.0,Bilogai/Sugapa Airport (ZGP),sub,2022.0,Non-Fatal
2022-03-02,Embraer,LV-GQN,Flyzar,0.0,"Angra dos Reis Airport, RJ (SDAG)",sub,2022.0,Non-Fatal
2022-03-03,Boeing,EI-DHH,Ryanair,0.0,Ibiza Airport (LEIB),non,2022.0,Non-Fatal
2022-03-05,Dornier,CG756,Indian Coast Guard,0.0,Kanpur Air Force Station (VICX),sub,2022.0,Non-Fatal
2022-03-06,Beechcraft,N8170J,HLAF AETA LLC,0.0,"Gulfport-Biloxi International Airport, MS (GPT)",sub,2022.0,Non-Fatal
2022-03-07,Cessna,N22AU,Ozark Air Services,0.0,"Baltimore-Martin State Airport, MD (MTN)",sub,2022.0,Non-Fatal
2022-03-08,Cessna,C-GIPR,Bamaji Air,0.0,"17 km NNW of Sioux Lookout Airport, ON (YXL)",w/o,2022.0,Non-Fatal
2022-03-09,Honda HA-420 HondaJet,N903JT,Jet It LLC,0.0,"Pittsburgh-Allegheny County Airport, PA (AGC)",sub,2022.0,Non-Fatal
2022-03-12,Beechcraft,HP-1948BT,Bocas Air,0.0,Panama City Albrook-Marcos A. Gelabert International Airport (PAC),sub,2022.0,Non-Fatal
2022-03-17,Cessna,N78SA,Martinaire,0.0,"Dallas/Fort Worth International Airport, TX (DFW/KDFW)",min,2022.0,Non-Fatal
2022-03-17,Cessna,N9469B,Martinaire,0.0,"Dallas/Fort Worth International Airport, TX (DFW/KDFW)",sub,2022.0,Non-Fatal
2022-03-21,Boeing,B-1791,China Eastern Airlines,132.0,"20 km SW of Wuzhou, Tengxian County",w/o,2022.0,Fatal
2022-03-26,Boeing,JA603J,Japan Airlines (JAL),0.0,90 km E of Nagoya,non,2022.0,Non-Fatal
2022-03-30,Cessna,D-FLIC,"Skydive Costa d'Argento, lsf Gladwings",1.0,Säntis Mountain,w/o,2022.0,Fatal
2022-04-01,Embraer,TG-TAN,TAG Airlines,0.0,Belize City-Philip S.W. Goldson International Airport (BZE),sub,2022.0,Non-Fatal
2022-04-02,Learjet,N877W,Georgia Crown Distributing Co.,0.0,"Morristown Municipal Airport, NJ (MMU)",sub,2022.0,Non-Fatal
2022-04-07,Boeing,HP-2010DAE,DHL Aero Expreso,0.0,San José-Juan Santamaria International Airport (SJO),w/o,2022.0,Non-Fatal
2022-04-08,Aero Modifications AMI DC-3-65TP,HK-5016,ALIANSA Colombia,0.0,San Felipe Airport,sub,2022.0,Non-Fatal
2022-04-11,Beechcraft,C-GYQK,Thunder Airlines,0.0,"Timmins Airport, ON (YTS)",sub,2022.0,Non-Fatal
2022-04-13,Gulfstream,N511PK,private,0.0,within Venezuela,w/o,2022.0,Non-Fatal
2022-04-13,Basler,PNC0257,Servicio Aéreo de Policia,0.0,Villavicencio-La Vanguardia Airport (VVC),sub,2022.0,Non-Fatal
2022-04-13,Cessna,N928JP,Gem Air,1.0,"0,7 km NE of Burley Municipal Airport, ID (BYI)",w/o,2022.0,Fatal
2022-04-14,Fairchild,N820DC,Denver Air Connection,0.0,"Denver International Airport, CO (DEN/KDEN)",sub,2022.0,Non-Fatal
2022-04-17,Embraer,PP-LGD,VOAR Cooperativa,0.0,"Maraú-Barra Grande Airport, BA (SIRI)",sub,2022.0,Non-Fatal
2022-04-17,Cessna,N225SC,GP Aviation LLC,0.0,"Caldwell Wright Airport, NJ (CDW)",sub,2022.0,Non-Fatal
2022-04-22,Antonov,UR-UZB,Constanta Airlines,1.0,Mykhailivka,w/o,2022.0,Fatal
2022-04-26,Boeing,EI-ENK,Ryanair,0.0,Almería Airport (LEI),non,2022.0,Non-Fatal
2022-04-30,Beechcraft,N699CZ,Freight Runners Express,0.0,"Milwaukee-General Mitchell Airport (MKE/KMKE), Milwaukee, WI",sub,2022.0,Non-Fatal
2022-04-30,Cessna,F-GXMP,Centre Ecole de Parachutisme Sportif de l'Ariège,0.0,Pamiers/Les Pujols Airport,sub,2022.0,Non-Fatal
2022-05-01,Boeing,VT-SLH,SpiceJet,0.0,E of Durgapur,unk,2022.0,Non-Fatal
2022-05-03,Shorts,N744LG,Air Cargo Carriers,0.0,San Juan-Luis Muñoz Marín International Airport (SJU),sub,2022.0,Non-Fatal
2022-05-06,Beechcraft,CC-CDY,Sociedad De Transporte Aéreo Movi Air SPA,0.0,Santiago-Arturo Merino Benitez Airport (SCL),sub,2022.0,Non-Fatal
2022-05-06,Boeing,YR-BMM,Blue Air,0.0,Napoli-Capodichino Airport (NAP),sub,2022.0,Non-Fatal
2022-05-10,Boeing,LN-RRH,SAS Scandinavian Airlines,0.0,between Stavanger and Oslo,non,2022.0,Non-Fatal
2022-05-11,Viking,TJ-TIM,Caverton Helicopters (Cameroun) Ltd.,11.0,near Nanga Eboko,w/o,2022.0,Fatal
2022-05-11,Cessna,PT-OQR,"LBK Serviço Aéreo Especializado, opf Skydive4Fun",2.0,"Boituva, SP",sub,2022.0,Fatal
2022-05-12,Airbus,B-6425,Tibet Airlines,0.0,Chongqing Jiangbei International Airport (CKG/ZUCK),w/o,2022.0,Non-Fatal
2022-05-20,Embraer,PT-SHN,Sales Taxi Aéreo,0.0,"Eldorado do Sul, RS",sub,2022.0,Non-Fatal
2022-05-21,Boeing,N256WN,Southwest Airlines,0.0,"Tacoma, Washington",non,2022.0,Non-Fatal
2022-05-24,de Havilland Canada DHC-3T Turbine Otter,N703TH,Yakutat Coastal Airlines,0.0,"near Dry Bay Airport, AK",sub,2022.0,Non-Fatal
2022-05-25,Airbus,N483UA,United Airlines,0.0,"Springfield, MO",non,2022.0,Non-Fatal
2022-05-27,Boeing,A6-BLF,Etihad Airways,0.0,between Abu Dhabi and Lahore,unk,2022.0,Non-Fatal
2022-05-28,Beechcraft,ZS-PTE,Unknown,0.0,near Lynedoch Private Airfield,sub,2022.0,Non-Fatal
2022-05-29,de Havilland Canada DHC-6 Twin Otter 300,9N-AET,Tara Air,22.0,Sanosware,w/o,2022.0,Fatal
2022-06-02,Cessna,N131PL,Kam Aviation LLC,0.0,"Natchitoches Regional Airport, LA",sub,2022.0,Non-Fatal
2022-06-03,Cessna,N7581F,GoJump Oceanside,1.0,"0,5 km E of Oceanside Municipal Airport, CA (OCN/KOKB)",sub,2022.0,Fatal
2022-06-04,Cessna,N90JF,Connecticut Parachutists,0.0,"Ellington Airport, CT (7B9)",sub,2022.0,Non-Fatal
2022-06-07,Shorts,N731E,Alaskan Air Charter,0.0,"Chisana Field, AK (CZN)",sub,2022.0,Non-Fatal
2022-06-07,Bombardier,N694PD,Pacific Dental Services,0.0,"Hawthorne Airport, CA (HHR)",min,2022.0,Non-Fatal
2022-06-13,Cessna,N550GX,Northern Meridian LLC,0.0,"Fargo-Hector International Airport, ND (FAR)",sub,2022.0,Non-Fatal
2022-06-15,Beechcraft,OO-LET,ASL - Air Service Liege,0.0,Liège Airport (LGG),sub,2022.0,Non-Fatal
2022-06-16,Boeing,9S-ABJ,Gomair,0.0,Kananga Airport (KGA),sub,2022.0,Non-Fatal
2022-06-17,Boeing,F-GSPQ,Air France,0.0,"New York-John F. Kennedy International Airport, NY (JFK)",min,2022.0,Non-Fatal
2022-06-17,Airbus,EI-EJL,ITA Airways,0.0,"New York-John F. Kennedy International Airport, NY (JFK)",min,2022.0,Non-Fatal
2022-06-21,McDonnell Douglas,HI1064,RED Air,0.0,"Miami International Airport, FL (MIA)",w/o,2022.0,Non-Fatal
2022-06-21,Antonov,RA-17742,Techservice,2.0,"46 km SE of Sebyan-Kyuel, Kobyaysky District",w/o,2022.0,Fatal
2022-06-22,Learjet,YV3304,private,6.0,7 km SSE of Charallave-Óscar Machado Zuloaga Airport,w/o,2022.0,Fatal
2022-06-22,Antonov,30001,NPP Mir,0.0,70 km SE of Olenyok Airport (ONK),sub,2022.0,Non-Fatal
2022-06-24,Fokker,5Y-CCE,Icon Aviation,0.0,Juba Airport (JUB),unk,2022.0,Non-Fatal
2022-06-24,Ilyushin,RF-78778,Russian Air Force,5.0,5 km ESE of Ryazan-Dyagilevo Air Base,w/o,2022.0,Fatal
2022-06-25,de Havilland Canada DHC-8-402Q Dash 8,JA854A,"All Nippon Airways - ANA, opb ANA Wings",0.0,40 km WSW of Tokushima Airport,non,2022.0,Non-Fatal
2022-06-26,Cessna,N265KP,Alaska Seaplanes,0.0,"Elfin Cove Seaplane Base, AK (ELV)",sub,2022.0,Non-Fatal
,Antonov,RA-17951,Voskhod LLC,0.0,near Oymyakon Airfield,sub,,Non-Fatal
2022-07-01,Antonov,UR-11316,Motor Sich,0.0,Uzhgorod Airport (UKLU),sub,2022.0,Non-Fatal
2022-07-01,Boeing,N480WN,Southwest Airlines,0.0,"Santa Ana-John Wayne International Airport, CA (SNA/KSNA)",non,2022.0,Non-Fatal
2022-07-01,Learjet,LV-BPA,Flying America SA,4.0,"Río Grande-Gobernador Ramón Trejo Noel International Airport, TF (RGA)",w/o,2022.0,Fatal
2022-07-13,Gulfstream,HZ-A23,Alpha Star Aviation Services,0.0,Jeddah-King Abdulaziz International Airport (JED),sub,2022.0,Non-Fatal
2022-07-13,Cessna,N877FE,Corporate Air,0.0,"Salt Lake City International Airport, UT (SLC)",sub,2022.0,Non-Fatal
2022-07-15,Raytheon,N400MX,"Aircraft Management Group, Inc",0.0,"Brunswick-Glynco Jetport, GA (BQK)",sub,2022.0,Non-Fatal
2022-07-15,Antonov,RA-02240,private,2.0,"Prochnookopskaya, Novokubansky district, Krasnodar region",sub,2022.0,Fatal
2022-07-16,Boeing,JA807X,Solaseed Air,0.0,120 km SW of Naha Airport,non,2022.0,Non-Fatal
2022-07-16,Fokker,5Y-JSN,Icon Aviation,0.0,Rubkona Airport,sub,2022.0,Non-Fatal
2022-07-16,Antonov,UR-CIC,Meridian,8.0,16 km W of Kavala,w/o,2022.0,Fatal
2022-07-18,Fokker,5Y-JXN,Jubba Airways,0.0,Mogadishu Aden Adde International Airport (MGQ),w/o,2022.0,Non-Fatal
2022-07-20,Airbus,HA-LGA,Wizz Air,0.0,Budapest Ferenc Liszt International Airport (BUD/LHBP),non,2022.0,Non-Fatal
2022-07-21,Cessna,C-GDCP,Anderson Air,0.0,"Kotzebue-Ralph Wien Memorial Airport, AK (OTZ)",sub,2022.0,Non-Fatal
2022-07-22,Antonov,ST-AUD,Crop Protection Company,0.0,W of Omdurman Al Hara,sub,2022.0,Non-Fatal
2022-07-24,Boeing,N945AT,Delta Air Lines,0.0,"Montreal-Pierre Elliott Trudeau International Airport, QC (YUL)",sub,2022.0,Non-Fatal
2022-07-25,Airbus,N950AV,Avianca,0.0,Rionegro/Medellín-José María Córdova Airport (MDE/SKRG),non,2022.0,Non-Fatal
2022-07-27,Bombardier,N557XJ,VistaJet,0.0,"San Francisco, CA",non,2022.0,Non-Fatal
2022-07-28,de Havilland Canada DHC-3T Vazar Turbine Otter,N320KT,Rust's Flying Service,0.0,"Talkeetna Airport, AK (TKA)",sub,2022.0,Non-Fatal
2022-07-29,CASA,N497CA,Rampart Aviation,1.0,"Raleigh/Durham Airport, NC (RDU)",sub,2022.0,Fatal
2022-07-30,Boeing,HS-DBR,Nok Air,0.0,Chiang Rai-Mae Fah Luang International Airport (CEI),sub,2022.0,Non-Fatal
2022-08-05,Boeing,A7-BFH,Qatar Airways Cargo,0.0,"Chicago-O'Hare International Airport, IL (ORD/KORD)",sub,2022.0,Non-Fatal
2022-08-06,Boeing,N540US,Delta Air Lines,0.0,"Atlanta Hartsfield-Jackson International Airport, GA (ATL/KATL)",sub,2022.0,Non-Fatal
2022-08-07,IAI,PR-OMX,Brasil Vida Táxi Aéreo,0.0,"Goiânia-Nacional de Aviação Aerodrome, GO (SBNV)",sub,2022.0,Non-Fatal
2022-08-15,Cessna,N977MR,"Raber Flight Services, LLC",0.0,"Aspen-Pitkin County Airport, CO (ASE/KASE)",sub,2022.0,Non-Fatal
2022-08-17,Antonov,RA-47848,Angara Airlines,0.0,Ust-Kut Airport (UKX),sub,2022.0,Non-Fatal
2022-08-19,Boeing,N73270,United Airlines,0.0,"Pharisburg, OH",non,2022.0,Non-Fatal
2022-08-20,Beechcraft,N399TS,PACC Air,0.0,"Oshkosh-Wittman Field, WI (OSH)",sub,2022.0,Non-Fatal
2022-08-29,Boeing,N946AT,Delta Air Lines,0.0,"E of Detroit, MI",non,2022.0,Non-Fatal
2022-08-30,Cessna,PK-SNW,Smart Cakrawala Aviation,0.0,Sinak Airport (NKD),sub,2022.0,Non-Fatal
2022-08-31,Cessna,N208JM,Private,0.0,ca 1 km S of Abu Dhabi-Bateen Airport (AZI),w/o,2022.0,Non-Fatal
2022-09-01,Boeing,N76529,United Airlines,0.0,"Denver International Airport, CO (DEN/KDEN)",non,2022.0,Non-Fatal
2022-09-02,Antonov,RA-56534,2nd Arkhangelsk United Aviation Division,0.0,Nes,sub,2022.0,Non-Fatal
2022-09-03,Shorts,SP-HIP,SkyForce,2.0,2 km SSW of Piotrków Trybunalski-Bujny Airport,w/o,2022.0,Fatal
2022-09-04,Airbus,N113DQ,Delta Air Lines,0.0,"near New York-La Guardia Airport, NY (LGA/KLGA)",non,2022.0,Non-Fatal
2022-09-04,Boeing,D-AALU,AeroLogic,0.0,Frankfurt International Airport (FRA/EDDF),non,2022.0,Non-Fatal
2022-09-04,de Havilland Canada DHC-3T Turbine Otter,N725TH,Friday Harbor Seaplane Tours,10.0,"3 km SW off Freeland, WA",w/o,2022.0,Fatal
2022-09-04,Cessna,OE-FGR,GG Rent,4.0,37 km NW off Ventspils (Baltic Sea),w/o,2022.0,Fatal
2022-09-07,Cessna,N15TZ,"BVS, Inc",0.0,"Phoenix-Mesa Gateway Airport, AZ (AZA)",sub,2022.0,Non-Fatal
2022-09-09,Learjet,N26FN,Strategic Airborne Operations,0.0,"San Diego-North Island NAS, CA (NZY)",sub,2022.0,Non-Fatal
2022-09-09,Cirrus,N77VJ,TAC9 Inc.,0.0,"10 km SSW of Kissimmee Gateway Airport, FL (ISM)",sub,2022.0,Non-Fatal
2022-09-10,Antonov,9S-GAX,TRACEP-Congo Aviation,3.0,13 km W of Bukavu-Kavumu Airport (BKY),w/o,2022.0,Fatal
2022-09-10,Cessna,PT-MES,Piquiatuba Táxi Aéreo,1.0,"near Porto Trombetas, PA",w/o,2022.0,Fatal
2022-09-15,Fairchild,XA-UMW,Aeronaves TSM,0.0,near Ramos Arizpe,sub,2022.0,Non-Fatal
2022-09-19,Beechcraft,TN-AIQ,Equaflight Services,0.0,Pointe-Noire Agostinho-Neto International Airport (PNR),sub,2022.0,Non-Fatal
2022-09-20,Dassault,ZS-PKR,Pepkor Group,0.0,Pietermaritzburg Airport (PZB),sub,2022.0,Non-Fatal
2022-09-20,Cessna,N528DV,Pacific Cataract & Laser Institute Inc Pc,0.0,"Pasco-Tri-Cities Airport, WA (PSC)",w/o,2022.0,Non-Fatal
2022-09-20,British Aerospace,OB-2152,SAETA Peru,1.0,El Estrecho Airport (SPEE),sub,2022.0,Fatal
2022-09-21,Britten-Norman,8R-GGT,Jags Aviation,0.0,Eteringbang Airport (SYET),sub,2022.0,Non-Fatal
2022-09-21,Rockwell,XB-RXG,private,0.0,within Zulia,w/o,2022.0,Non-Fatal
2022-09-22,Boeing,TC-SOG,SunExpress,0.0,Köln/Bonn-Konrad Adenauer Airport (CGN/EDDK),sub,2022.0,Non-Fatal
2022-09-22,Antonov,ST-AUE,Crop Protection Company,0.0,"Yassin, east Darfur",sub,2022.0,Non-Fatal
2022-09-24,Boeing,EC-NLS,"Swiftair, opf West Atlantic (UK)",0.0,Montpellier-Méditerranée Airport (MPL),sub,2022.0,Non-Fatal
2022-09-25,Boeing,HP-1539CMP,Copa Airlines,0.0,Panama City-Tocumen International Airport (PTY),sub,2022.0,Non-Fatal
2022-09-25,Fokker,5Y-FAI,Freedom Airline Express,0.0,Nairobi-Jomo Kenyatta International Airport (NBO/HKJK),sub,2022.0,Non-Fatal
2022-09-27,Cessna,N409ST,ABS Equipment Leasing,0.0,"Waco-McGregor Executive Airport, TX (KPWG)",sub,2022.0,Non-Fatal
2022-09-28,Boeing,TF-FIK,Icelandair Flugfélag Islands,0.0,London-Heathrow Airport (LHR),sub,2022.0,Non-Fatal
2022-09-28,Boeing,HL7782,Korean Air,0.0,London-Heathrow Airport (LHR),sub,2022.0,Non-Fatal
2022-09-29,Boeing,N7881A,Southwest Airlines,0.0,"Denver International Airport, CO (DEN/KDEN)",non,2022.0,Non-Fatal
2022-10-01,Boeing,F-GZHA,Transavia France,0.0,Nantes Atlantique Airport (NTE),sub,2022.0,Non-Fatal
2022-10-03,Boeing,JA07RK,Japan Transocean Air,0.0,near Miho Airport,non,2022.0,Non-Fatal
2022-10-03,Embraer,N179SP,Partee Aviation LLC,0.0,"Houston-William P. Hobby Airport, TX (HOU)",sub,2022.0,Non-Fatal
2022-10-03,Britten-Norman,VH-WQA,Torres Strait Air,0.0,"Moa Island, Torres Strait",sub,2022.0,Non-Fatal
2022-10-05,ATR,SX-EIT,Sky Express,0.0,Athens-Elefthérios Venizélos International Airport (ATH/LGAV),sub,2022.0,Non-Fatal
2022-10-12,Honda HA-420 HondaJet,N704JT,Jupiter Aviation LLC,0.0,"West Michigan Regional Airport (BIV/KBIV), Holland, MI",sub,2022.0,Non-Fatal
2022-10-13,de Havilland Canada DHC-3T Vazar Turbine Otter,C-FDDX,True North Airways,0.0,"Lac PLuto, QC",w/o,2022.0,Non-Fatal
2022-10-13,Cessna,OB-2228,SAETA Peru,0.0,near Jeberos,w/o,2022.0,Non-Fatal
2022-10-18,Beechcraft,C6-OFM,Flamingo Air Charter,0.0,Black Point Airstrip (MYEB),sub,2022.0,Non-Fatal
2022-10-19,de Havilland Canada DHC-8-314 Dash 8,C-GJYZ,Perimeter Aviation,0.0,"Sandy Lake Airport, ON (ZSJ)",sub,2022.0,Non-Fatal
2022-10-22,Boeing,EI-EKJ,Ryanair,0.0,Agadir-Al Massira International Airport (AGA/GMAA),non,2022.0,Non-Fatal
2022-10-23,Airbus,HL7525,Korean Air,0.0,Mactan-Cebu International Airport (CEB),sub,2022.0,Non-Fatal
2022-10-25,Cessna,PK-RVA,Reven Global Transpor,0.0,Ilaga Airport (ILA/WABL),sub,2022.0,Non-Fatal
2022-10-27,Canadair,I-DPCN,Vigili del Fuoco,2.0,"near Linguaglossa, Sicily",w/o,2022.0,Fatal
2022-10-28,Embraer,FAU-583,Fuerza Aérea Uruguaya - FAU,0.0,Montevideo-Carrasco Airport (MVD),sub,2022.0,Non-Fatal
2022-11-02,Airbus,N519NK,Spirit Airlines,0.0,"near New Orleans, LA",non,2022.0,Non-Fatal
2022-11-03,Eclipse,N150NE,Elite Flight Travel,0.0,"Mesa-Falcon Field, AZ (MSC)",sub,2022.0,Non-Fatal
2022-11-03,Let,9S-GPK,Goma Express,3.0,c 115 km ESE of Kasese,w/o,2022.0,Fatal
2022-11-06,Cessna,AMB 0956,Aviación Militar Bolivariana,5.0,3 km from Puerto Ayacucho Airport (PYH),w/o,2022.0,Fatal
2022-11-06,ATR,5H-PWF,Precision Air,19.0,off Bukoba Airport (BKZ),sub,2022.0,Fatal
2022-11-07,ATR,JA06JC,Japan Air Commuter,0.0,Kagoshima Airport (KOJ/RJFK),non,2022.0,Non-Fatal
2022-11-09,Boeing,N963WN,Southwest Airlines,0.0,"Chicago-O'Hare International Airport, IL (ORD/KORD)",sub,2022.0,Non-Fatal
2022-11-09,Boeing,N909NN,American Airlines,0.0,"Chicago-O'Hare International Airport, IL (ORD/KORD)",sub,2022.0,Non-Fatal
2022-11-10,Boeing,N316SE,American Airlines,0.0,"SE of Miami, FL",non,2022.0,Non-Fatal
2022-11-14,Antonov,CU-A1885,Risk Mondial Aviation & Recovery,0.0,"W of Miami-Dade County, FL",sub,2022.0,Non-Fatal
2022-11-15,Honda HA-420 HondaJet,N789RJ,Andersen Air LLC,0.0,"Salt Lake City International Airport, UT (SLC)",sub,2022.0,Non-Fatal
2022-11-15,Fairchild,N247DH,Ameriflight,0.0,"Pewaukee, WI",sub,2022.0,Non-Fatal
2022-11-17,Embraer,C6-CAB,LeAir Charter Services,0.0,Nassau-Lynden Pindling International Airport (NAS/MYNN),min,2022.0,Non-Fatal
2022-11-17,Beechcraft,VH-NYA,Penjet Pty Ltd,0.0,"Fortnum Airport (YFOR), Fortnum, WA",sub,2022.0,Non-Fatal
2022-11-18,Cessna,N2069B,Raisbeck Engineering,4.0,"near Snohomish, WA",w/o,2022.0,Fatal
2022-11-19,Airbus,N330NW,Delta Air Lines,0.0,"near Omaha-Eppley Airfield (OMA/KOMA), Omaha, NE",sub,2022.0,Non-Fatal
2022-11-20,Boeing,TF-BBM,"Bluebird Cargo, opf ASL Airlines Belgium",0.0,Paris-Charles de Gaulle Airport (CDG),sub,2022.0,Non-Fatal
2022-11-25,Cirrus,N15VJ,Verijet,0.0,"1,6 km SW of Indianapolis Regional Airport, IN",sub,2022.0,Non-Fatal
2022-11-28,Airbus,PR-AIY,Azul Linhas Aéreas Brasileiras,0.0,"near Manaus, AM",non,2022.0,Non-Fatal
2022-11-29,Boeing,N946WN,Southwest Airlines,0.0,"near Denver, CO",non,2022.0,Non-Fatal
2022-11-29,Learjet,N988MC,Jett Aircraft,0.0,"Batesville Regional Airport, AR (BVX)",sub,2022.0,Non-Fatal
2022-11-30,Learjet,N12FN,Aery Aviation,0.0,"Newport News/Williamsburg International Airport, VA (PHF)",sub,2022.0,Non-Fatal
2022-12-01,Learjet,N979RF,"REVA, Inc.",0.0,Guantánamo Naval Air Station (NBW),sub,2022.0,Non-Fatal
2022-12-03,Embraer,N85356,Mesa Airlines,0.0,"Taneytown, MD",non,2022.0,Non-Fatal
2022-12-07,British Aerospace,CC-ACO,Antarctic Airways,0.0,Iquique-Diego Aracena International Airport (IQQ/SCDA),sub,2022.0,Non-Fatal
2022-12-08,Boeing,N649UA,United Airlines,0.0,"near Albany, NJ",non,2022.0,Non-Fatal
2022-12-15,Swearingen,N398KL,Key Lime Air,0.0,"Wichita Dwight D. Eisenhower National Airport, KS (ICT)",sub,2022.0,Non-Fatal
2022-12-17,de Havilland Canada DHC-8-402QPF Dash 8,5Y-VVY,Blue Bird Aviation,0.0,Abudwak Airstrip,sub,2022.0,Non-Fatal
2022-12-18,Airbus,N393HA,Hawaiian Airlines,0.0,"65 nm NNE of Maui, HI",min,2022.0,Non-Fatal
2022-12-18,Boeing,N87531,United Airlines,0.0,"near Cobán, Alta Verapaz",non,2022.0,Non-Fatal
2022-12-22,Boeing,C-FVNF,Air Canada,0.0,45 nm E of Tokyo-Narita Airport (NRT/RJAA),unk,2022.0,Non-Fatal
2022-12-23,de Havilland Canada DHC-6 Twin Otter 300,PK-OTY,Rimbun Air,0.0,Moanemani Airport (ONI),sub,2022.0,Non-Fatal
2022-12-24,Gulfstream,N456FX,Flexjet LLC,0.0,"Miami, Florida",non,2022.0,Non-Fatal
2022-12-26,Boeing,ET-APL,Ethiopian Airlines,0.0,Mogadishu Aden Adde International Airport (MGQ/HCMM),sub,2022.0,Non-Fatal
2022-12-26,Boeing,EI-HEY,Ryanair,0.0,Bremen Airport (BRE/EDDW),non,2022.0,Non-Fatal
2022-12-26,Boeing,C5-MAB,"Tarco Aviation, lsf Mid Africa Aviation",0.0,Mogadishu Aden Adde International Airport (MGQ),sub,2022.0,Non-Fatal
2022-12-27,Embraer,N16DF,Skystallion LLC,0.0,"Hawthorne Airport, CA (HHR)",sub,2022.0,Non-Fatal
2022-12-30,Canadair,XB-SGV,private,2.0,near Venado,w/o,2022.0,Fatal
2022-12-31,Cessna,5X-GBR,BAR Aviation,0.0,Mweya Airport (HUMW),w/o,2022.0,Non-Fatal
2021-01-02,Beechcraft,N831WP,"Vagus Group, Inc.",0.0,"White Plains-Westchester County Airport, NY (HPN)",min,2021.0,Non-Fatal
2021-01-02,Learjet,PP-BBV,Brasil Vida Táxi Aéreo,0.0,"Diamantina Airport, MG (DTI)",sub,2021.0,Non-Fatal
2021-01-09,Cessna,N3RB,SX Transport LLC,1.0,"23 km SE of Pine Grove, OR",w/o,2021.0,Fatal
2021-01-09,Boeing,PK-CLC,Sriwijaya Air,62.0,19 km NE of Jakarta-Soekarno-Hatta International Airport (CGK),w/o,2021.0,Fatal
2021-01-17,Boeing,A6-EPN,Emirates,0.0,Nicosia FIR,non,2021.0,Non-Fatal
2021-01-19,Avro RJ85,G-JOTR,Jota Aviation,0.0,London-Biggin Hill Airport (BQH),sub,2021.0,Non-Fatal
2021-01-19,Boeing,G-JMCY,West Atlantic UK,0.0,Exeter Airport (EXT/EGTE),sub,2021.0,Non-Fatal
2021-01-23,Canadair,N275JP,Global Avionics LLC,0.0,Los Mochis-Federal Airport (LMM),unk,2021.0,Non-Fatal
2021-01-23,North American Rockwell Sabreliner 60,XB-JMR,Aviacion Ejecutiva del Bajio,0.0,"Rocky Point, Clarendon",sub,2021.0,Non-Fatal
2021-01-24,Raytheon,N476BJ,Martinair Inc.,0.0,"Binghamton Airport, NY (BGM)",sub,2021.0,Non-Fatal
2021-01-26,Harbin,AF-222,Zambian Air Force,0.0,Mukinge Mission Airstrip,sub,2021.0,Non-Fatal
2021-01-28,Beechcraft,N217US,MM-Air LLC,0.0,"Davenport Airport, IA (DVN)",sub,2021.0,Non-Fatal
2021-02-01,Boeing,JA13KZ,Nippon Cargo Airlines,0.0,Tokyo-Narita International Airport (NRT/RJAA),sub,2021.0,Non-Fatal
2021-02-08,Airbus,N918NK,Spirit Airlines,0.0,"Fort Lauderdale, Florida",non,2021.0,Non-Fatal
2021-02-08,Embraer,9H-FAM,Luxwing,0.0,Paris-Le Bourget Airport (LBG),sub,2021.0,Non-Fatal
2021-02-09,Antonov,RF-95416,Russian Air Force,0.0,Iturup Airport (ITU),sub,2021.0,Non-Fatal
2021-02-10,Airbus,HZ-FAB,Flyadeal,0.0,Abha International Airport (OHB),sub,2021.0,Non-Fatal
2021-02-13,Dassault,N823RC,Aerospike Iron LLC,0.0,"San Diego-Montgomery-Gibbs Executive Airport, CA (MYF)",sub,2021.0,Non-Fatal
2021-02-14,de Havilland Canada DHC-6 Twin Otter 300,8Q-RAE,Manta Air,0.0,Malé-Velana International Airport (MLE),sub,2021.0,Non-Fatal
2021-02-15,de Havilland Canada DHC-6 Twin Otter 300,F-RACA,Armée de l'air et de l'espace,0.0,Blois-Le-Breuil airfield (LFOQ),sub,2021.0,Non-Fatal
2021-02-18,Learjet,N559RA,Royal Air Freight,0.0,"Jeffersonville-Clark Regional Airport, IN (JVY)",sub,2021.0,Non-Fatal
2021-02-20,Boeing,VT-GHE,Air India Express,0.0,Vijayawada Airport (VGA),sub,2021.0,Non-Fatal
2021-02-20,de Havilland Canada DHC-3T Vazar Turbine Otter,C-FFVZ,Wings Over Kississing,0.0,"Kaskattama Airstrip, MB",sub,2021.0,Non-Fatal
2021-02-21,Learjet,3912,Fuerza Aérea Mexicana,6.0,near Xalapa Airport (JAL),w/o,2021.0,Fatal
2021-02-21,Beechcraft,NAF201,Nigerian Air Force - NAF,7.0,NE of Abuja-Nnamdi Azikiwe International Airport (ABV),w/o,2021.0,Fatal
2021-02-26,Antonov,UP-A0351,Asia Continental Airlines,0.0,near Boraldai,sub,2021.0,Non-Fatal
2021-02-28,Douglas,HK-2006,ALIANSA Colombia,0.0,Monfort Airport (MFB),sub,2021.0,Non-Fatal
2021-03-01,ATR,7T-VUK,Air Algérie,0.0,Ghardaïa-Noumérat Airport (GHA),unk,2021.0,Non-Fatal
2021-03-01,Beechcraft,B-10GD,"Beidahuang General Airlines, opf China Met, Administration",5.0,"Shanghu, Ji'an County",w/o,2021.0,Fatal
2021-03-02,Let,(HK-4274),South Sudan Supreme Airlines,10.0,Pieri,w/o,2021.0,Fatal
2021-03-04,Fokker,EP-CFM,Iran Air,0.0,Isfahan Airport,non,2021.0,Non-Fatal
2021-03-07,Embraer,N233SW,Berry Aviation,0.0,"Detroit-Willow Run Airport, MI (YIP)",sub,2021.0,Non-Fatal
2021-03-10,Cessna,PK-MAD,Mission Aviation Fellowship - MAF,0.0,Angguruk Airstrip,sub,2021.0,Non-Fatal
2021-03-12,Cessna,N407GV,Grant Aviation,0.0,"Chevak Airport, AK (VAK)",sub,2021.0,Non-Fatal
2021-03-13,Antonov,02 white,Kazakhstan Border Guards,4.0,Almaty Airport (ALA),w/o,2021.0,Fatal
2021-03-15,Boeing,N789AN,American Airlines,0.0,"Fort Worth, Texas",non,2021.0,Non-Fatal
2021-03-16,Bombardier,N706SK,Skywest Airlines,0.0,"Los Angeles International Airport, CA (LAX/KLAX)",non,2021.0,Non-Fatal
2021-03-18,Airbus,XA-VAZ,Viva Aerobus,0.0,Puerto Vallarta-Gustavo D. Ordaz Airport (PVR),sub,2021.0,Non-Fatal
2021-03-19,Antonov,YV3312,Venezuela Flight Canaima,0.0,Kapaure,sub,2021.0,Non-Fatal
2021-03-20,Cessna,5Y-JKN,Aeronav Air Services,2.0,"3,5 km SW of Marsabit Airport (RBT)",w/o,2021.0,Fatal
2021-03-20,Boeing,PK-YSF,Trigana Air Service,0.0,Jakarta-Halim Perdana Kusuma Airport (HLP),sub,2021.0,Non-Fatal
2021-03-23,Saab,SP-KPU,SprintAir,0.0,Gdansk-Lech Walesa Airport (GDN),sub,2021.0,Non-Fatal
2021-03-26,Beechcraft,5Y-NJS,West Wind Aviation Ltd.,0.0,Nairobi,w/o,2021.0,Non-Fatal
2021-03-28,Embraer,N650AE,"American Eagle , opb Piedmont Airlines",0.0,"Charlotte-Douglas International Airport, NC (CLT/KCLT)",non,2021.0,Non-Fatal
2021-04-02,Boeing,9H-QCJ,Malta Air,0.0,Malta-Luqa Airport (MLA),min,2021.0,Non-Fatal
2021-04-03,Cessna,N215MC,Everts Air Cargo,0.0,"Fairbanks International Airport, AK (FAI/PAFA)",sub,2021.0,Non-Fatal
2021-04-08,Antonov,RA-40...,Unknown,0.0,Omsk,w/o,2021.0,Non-Fatal
2021-04-09,Boeing,10-0223,United States Air Force - USAF,0.0,"Charleston AFB, SC (CHS)",sub,2021.0,Non-Fatal
2021-04-14,Cessna,JA001T,private,0.0,"3,7 km W of Osaka/Yao Airport (RJOY)",sub,2021.0,Non-Fatal
2021-04-15,Learjet,N354EF,Med Air Inc,0.0,"Colorado Springs Airport, CO (COS/KCOS)",sub,2021.0,Non-Fatal
2021-04-16,Beechcraft,N991AK,Lake Clark Air,0.0,"Chignik-Lagoon Airport, AK (KCL)",sub,2021.0,Non-Fatal
2021-04-18,Learjet,XB-PIZ,Unknown,0.0,Toluca-Licenciado Adolfo López Mateos International Airport (TLC),sub,2021.0,Non-Fatal
2021-04-20,Learjet,PR-MLA,Eletric Power Construção,1.0,"Belo Horizonte/Pampulha - Carlos Drummond de Andrade Airport, MG (PLU)",w/o,2021.0,Fatal
2021-04-26,Cessna,N143CA,Haugland Group Aviation LLC,0.0,"near Laceyville, PA",sub,2021.0,Non-Fatal
2021-05-01,Cessna,N803SC,STB Aviation LLC,0.0,"Charleston Executive Airport, SC (KJZI)",sub,2021.0,Non-Fatal
2021-05-05,Gulfstream,N22ST,TLD Aviation I LLC,0.0,"Ridgeland Airport, SC",sub,2021.0,Non-Fatal
2021-05-06,Beechcraft,VT-MPQ,Government of Madhya Pradesh,0.0,Gwalior Airport (GWL),sub,2021.0,Non-Fatal
2021-05-10,ATR,B-17010,Uni Air,0.0,Nangang Island-Matsu Nangan Airport (LZN),sub,2021.0,Non-Fatal
2021-05-12,Boeing,EI-EGA,Ryanair,0.0,Alicante Airport (ALC/LEAL),non,2021.0,Non-Fatal
2021-05-12,Swearingen,N280KL,Key Lime Air,0.0,"5,9km N of Denver-Centennial Airport, CO (APA)",sub,2021.0,Non-Fatal
2021-05-13,Cessna,CC-DBB,Skydive Andes,0.0,Melipilla-Los Cuatro Diablos Airport (SCME),unk,2021.0,Non-Fatal
2021-05-19,Hawker,XB-R..,private,0.0,"Sayaxché, Petén",w/o,2021.0,Non-Fatal
2021-05-20,IAI,N388WA,private,0.0,"Parque Laguna del Tigre, San Andrés, Petén",sub,2021.0,Non-Fatal
2021-05-21,Boeing,N289CT,Southwest Airlines,0.0,"Chicago-O'Hare International Airport, IL (ORD/KORD)",min,2021.0,Non-Fatal
2021-05-21,Antonov,RA-33373,Utair,0.0,Laytamak Airstrip,sub,2021.0,Non-Fatal
2021-05-21,Beechcraft,NAF203,Nigerian Air Force - NAF,11.0,near Kaduna Airport (KAD),w/o,2021.0,Fatal
2021-05-28,Boeing,HL7528,Asiana Airlines,0.0,"over Yesan , Chungcheongnam-do",non,2021.0,Non-Fatal
2021-05-28,Boeing,N834NN,American Airlines,0.0,"Dallas/Fort Worth International Airport, TX (DFW/KDFW)",sub,2021.0,Non-Fatal
2021-05-29,Cessna,N66BK,JL&GL Productions LP,7.0,"near Smyrna Airport, TN (MQY)",w/o,2021.0,Fatal
2021-05-30,ATR,SX-THR,Sky Express,0.0,Alexandroupolis-Demokritos Airport (AXD),sub,2021.0,Non-Fatal
2021-06-02,Beechcraft,N219VP,Alpine Air Express,0.0,"Denver International Airport, CO (DEN/KDEN)",sub,2021.0,Non-Fatal
2021-06-03,Cessna,PK-DPT,Dabi Air Nusantara,0.0,Ilaga Airport (ILA),w/o,2021.0,Non-Fatal
2021-06-04,Honda HA-420 HondaJet,N10XN,GF Aviation LLC,0.0,"Atlanta-Cobb County-Mc Collum Field, GA (KRYY)",sub,2021.0,Non-Fatal
2021-06-05,Cessna,N103AN,Paraclub Wiener Neustadt,0.0,Wiener Neustadt West Air Base,sub,2021.0,Non-Fatal
2021-06-07,Boeing,VT-TGE,Vistara,0.0,W of Kolkata,non,2021.0,Non-Fatal
2021-06-10,Beechcraft,4610,Tatmadaw Lei (Myanmar Air Force),12.0,near Pyin Oo Lwin,w/o,2021.0,Fatal
2021-06-13,Boeing,EI-EVE,Ryanair,0.0,Málaga-Costa del Sol Airport (AGP/LEMG),non,2021.0,Non-Fatal
2021-06-14,ATR,VT-IYX,IndiGo Airlines,0.0,Hubli Airport (HBX),sub,2021.0,Non-Fatal
2021-06-16,Let,9S-GRJ,Kin Avia,3.0,near Bukavu-Kavumu Airport (BKY),w/o,2021.0,Fatal
2021-06-18,Boeing,G-ZBJB,British Airways,0.0,London Heathrow Airport (LHR),sub,2021.0,Non-Fatal
2021-06-19,Let,RF-94603,DOSAAF,5.0,near Tanay Airfield,w/o,2021.0,Fatal
2021-06-21,Rockwell,XB-OXV,private,0.0,within Jesús María Semprún,w/o,2021.0,Non-Fatal
2021-06-23,Gulfstream,M-ISTY,INEOS Aviation,0.0,Genève-Cointrin Airport (GVA/LSGG),sub,2021.0,Non-Fatal
2021-06-24,Antonov,RA-01430,private,0.0,"3,5 km W of Zaboyskiy, Slavyansky district",sub,2021.0,Non-Fatal
2021-06-25,Airbus,N926UW,American Airlines,0.0,"New Orleans, Louisiana",non,2021.0,Non-Fatal
2021-06-25,Shorts,N970AA,Air Cargo Carriers,0.0,"Las Vegas-McCarran International Airport, NV (LAS)",sub,2021.0,Non-Fatal
2021-06-25,Cessna,PH-FST,Skydive Teuge,0.0,2 km W of Teuge Airport,sub,2021.0,Non-Fatal
2021-06-29,Airbus,F-HTYH,Air France,0.0,Paris-Charles de Gaulle Airport (CDG/LFPG),non,2021.0,Non-Fatal
2021-07-01,Convair,C-FKFL,Conair,0.0,"Penticton Airport, BC (YYF)",sub,2021.0,Non-Fatal
2021-07-01,Convair,C-FHKF,Conair,0.0,"Penticton Airport, BC (YYF)",min,2021.0,Non-Fatal
2021-07-02,Boeing,N810TA,Transair (Cargo),0.0,"9 km WSW off Honolulu-Daniel K. Inouye International Airport, HI (HNL)",w/o,2021.0,Non-Fatal
2021-07-02,Cessna,SX-ECI,Hellenic CAA,0.0,Paphos International Airport (PFO/LCPH),sub,2021.0,Non-Fatal
2021-07-04,Airbus,N156AN,American Airlines,0.0,"Miami, Florida",non,2021.0,Non-Fatal
2021-07-04,Antonov,UP-A0135,ELISA,0.0,"12 km from Karaultobe, Kyzylorda",sub,2021.0,Non-Fatal
2021-07-05,IAI,N790JR,Transenergie Inc,2.0,near Treasure Cay Airport (TCB),w/o,2021.0,Fatal
2021-07-06,ATR,C-GLDE,Transwest Air,0.0,"120 nm from Saskatoon, SK",non,2021.0,Non-Fatal
2021-07-06,Antonov,RA-26085,Kamchatka Aviation Enterprise,28.0,"3,8 km NW of Palana Airport",w/o,2021.0,Fatal
2021-07-08,Douglas,HK-2820,ALIANSA Colombia,3.0,"13,5 km N of Villavicencio-La Vanguardia Airport (VVC)",w/o,2021.0,Fatal
2021-07-11,Airbus,D-AICP,Condor Flugdienst,0.0,Kavala-Megas Alexandros Airport (KVA),sub,2021.0,Non-Fatal
2021-07-11,de Havilland Canada DHC-3T Vazar Turbine Otter,C-FLLL,Northwestern Air,0.0,"31,5 km ENE of Fort Smith, NT",sub,2021.0,Non-Fatal
2021-07-11,Cessna,C-GUAY,Air Tunilik,0.0,"Rex North Mining Camp, QC",sub,2021.0,Non-Fatal
2021-07-14,Cessna,8R-ABK,Jags Aviation,0.0,Eteringbang Airport (SYET),sub,2021.0,Non-Fatal
2021-07-15,de Havilland Canada DHC-3T Vazar Turbine Otter,C-GUTW,Harbour Air,0.0,"Ganges Harbor Airport, BC (YGG)",sub,2021.0,Non-Fatal
2021-07-15,Cessna,C-GIGO,Seair Seaplanes,0.0,"Ganges Harbor Airport, BC (YGG)",sub,2021.0,Non-Fatal
2021-07-16,Antonov,RA-28728,SiLA - Siberian Light Aviation,0.0,52 km SE of Kedrovo,sub,2021.0,Non-Fatal
2021-07-17,Cessna,G-OJMP,GoSkydive,0.0,Old Sarum Airfield,sub,2021.0,Non-Fatal
2021-07-18,ATR,EC-MSN,"Air Europa Express, opb Aeronova",0.0,Madrid-Barajas Adolfo Suárez Airport (MAD),sub,2021.0,Non-Fatal
2021-07-20,British Aerospace,N611MC,private,0.0,"Jesús María Semprún, Zulia",w/o,2021.0,Non-Fatal
2021-07-21,Cessna,N46CF,PV Transport Inc,0.0,"Reading Regional Airport/Spaatz Field, PA (RDG)",sub,2021.0,Non-Fatal
2021-07-21,de Havilland Canada DHC-8-106,5Y-GRS,Skyward Express,0.0,Burahache Airstrip,sub,2021.0,Non-Fatal
2021-07-22,Airbus,N376DN,Delta Air Lines,0.0,"Detroit-Metropolitan Wayne County Airport, MI (DTW/KDTW)",non,2021.0,Non-Fatal
2021-07-25,Boeing,SE-RPE,Norwegian Air Sweden,0.0,near Nice Airport,non,2021.0,Non-Fatal
2021-07-26,Bombardier,N605TR,Aeolus Air Charter,6.0,"Truckee Airport, CA (TKF)",w/o,2021.0,Fatal
2021-07-26,Cessna,D-FLEC,Skydive Binz,1.0,S off Norderney Airfield (NRD),w/o,2021.0,Fatal
2021-07-27,Cessna,ET-AMI,"Abyssinian Flight Services, opf UNWorld Food Programme",0.0,near Kombolcha,w/o,2021.0,Non-Fatal
2021-07-31,Boeing,EI-EPC,Ryanair,0.0,near Barcelona-El Prat Josep Tarradellas Airport (BCN/LEBL),non,2021.0,Non-Fatal
2021-08-03,Airbus,D-AEAE,European Air Transport,0.0,Lagos-Murtala Muhammed International Airport (LOS),sub,2021.0,Non-Fatal
2021-08-09,Gulfstream,XB-OZA,private,0.0,within Jesús María Semprún,w/o,2021.0,Non-Fatal
2021-08-11,McDonnell Douglas,N296UP,United Parcel Service - UPS,0.0,"Phoenix-Sky Harbor International Airport, AZ (PHX)",sub,2021.0,Non-Fatal
2021-08-12,Shijiazhuang,B-8440,Northeast General Aviation Co.,0.0,"Nengbei Farm, Heilongjiang Province",w/o,2021.0,Non-Fatal
2021-08-14,Britten-Norman,8R-GRE,Roraima Airways,0.0,7 nm S of Georgetown International Airport (OGL),min,2021.0,Non-Fatal
2021-08-14,Bombardier,9S-AAN,Congo Airways,0.0,Lubumbashi International Airport (FBM/FZQA),min,2021.0,Non-Fatal
2021-08-14,Beriev Be-200ChS,RF-88450,Russian Navy,8.0,near Kahramanmaras,w/o,2021.0,Fatal
2021-08-16,Cessna,N97HA,Wright Air Service,0.0,"near Fairbanks, AK",sub,2021.0,Non-Fatal
2021-08-17,Ilyushin,41400,United Aircraft Corporation,3.0,near Kubinka AFB,w/o,2021.0,Fatal
2021-08-21,Airbus,N806AW,American Airlines,0.0,"Chicago-O'Hare International Airport, IL (ORD/KORD)",non,2021.0,Non-Fatal
2021-08-21,de Havilland Canada DHC-3T Turbine Otter,N560TR,Brooks Range Aviation,0.0,"near Bethel, AK",sub,2021.0,Non-Fatal
2021-08-21,Gulfstream,N277GM,SN 1124 LLC,0.0,"Fort Lauderdale-Executive Airport, FL (FXE)",sub,2021.0,Non-Fatal
2021-08-23,Boeing,N479AS,Alaska Airlines,0.0,"Seattle/Tacoma International Airport, WA (SEA/KSEA)",non,2021.0,Non-Fatal
2021-08-24,Cirrus,N1GG,N1GG LLC,0.0,"Lansing-Capital Region International Airport, MI (LAN)",w/o,2021.0,Non-Fatal
2021-08-25,Beechcraft,C-GDSG,SkyJet,0.0,"Chevery Airport, QC (YHR/CYHR)",sub,2021.0,Non-Fatal
2021-08-26,Embraer,N413N,Nicholas Services LLC,0.0,"Elk River, NC (NC06)",sub,2021.0,Non-Fatal
2021-08-27,Bombardier,C-FOJZ,Air Canada,0.0,"Vancouver International Airport, BC (YVR/CYVR)",min,2021.0,Non-Fatal
2021-09-01,Boeing,N196DN,Delta Air Lines,0.0,"Seattle/Tacoma International Airport, WA (SEA/KSEA)",non,2021.0,Non-Fatal
2021-09-02,Cessna,N560AR,Brook Haven Properties LLC,4.0,"0,4 km N of Plainville-Robertson Airport, CT",w/o,2021.0,Fatal
2021-09-03,Raytheon,N351CW,PB Air LLC,0.0,"Naples Airport, FL (APF)",sub,2021.0,Non-Fatal
2021-09-04,ATR,VT-IYM,IndiGo Airlines,0.0,en route Tiruchirappalli-Bengaluru,non,2021.0,Non-Fatal
2021-09-04,Cessna,N827JS,Fly Exclusive,0.0,"near Salt Lake City International Airport, UT (SLC)",sub,2021.0,Non-Fatal
2021-09-12,Let,RA-67042,"Aeroservice, opf SiLA - Siberian Light Aviation",4.0,3 km N of Kazachinskoye Airport,w/o,2021.0,Fatal
2021-09-14,Raytheon,N100FN,Meander Air II LLC,0.0,"between Youngstown, OH and Charleston, SC",sub,2021.0,Non-Fatal
2021-09-14,Beechcraft,PS-CSM,CSM Agropecuária,7.0,"1,5 km N of Piracicaba Airport, SP (QHB)",w/o,2021.0,Fatal
2021-09-15,Airbus,OE-LBY,Austrian Airlines,0.0,Berlin Brandenburg-Willy Brandt Airport (BER),sub,2021.0,Non-Fatal
2021-09-15,de Havilland Canada DHC-6 Twin Otter 300,PK-OTW,Rimbun Air,3.0,"3,4 km from Bilogai/Sugapa Airport (ZGP)",w/o,2021.0,Fatal
2021-09-17,Canadair,N444ZW,"United Express, opb Air Wisconsin",0.0,"Asheville Regional Airport, NC (AVL)",sub,2021.0,Non-Fatal
2021-09-20,Learjet,ZS-SFV,Impuma Group,0.0,Lanseria International Airport (HLA),sub,2021.0,Non-Fatal
2021-09-22,Antonov,RA-26673,LPS Flight Checks & Systems,6.0,40 km SW of Khabarovsk,w/o,2021.0,Fatal
2021-09-23,Airbus,N208HA,Hawaiian Airlines,0.0,"Honolulu-Daniel K. Inouye International Airport, HI (HNL)",sub,2021.0,Non-Fatal
2021-09-25,Cessna,OO-FFB,Paracentrum Vlaanderen,0.0,Moorsele Airfield (EBMO),sub,2021.0,Non-Fatal
2021-09-27,Saab,UR-ALG,"STP Airways, lsf AeroJet",0.0,São Tomé Island Airport (TMS/FPST),sub,2021.0,Non-Fatal
2021-09-27,Boeing,N12125,United Airlines,0.0,"Newark-Liberty International Airport, NJ (EWR)",sub,2021.0,Non-Fatal
2021-09-28,IAI,PR-BVB,Brasil Vida Táxi Aéreo,0.0,"Goiânia-Santa Genoveva Airport, GO (GYN)",sub,2021.0,Non-Fatal
2021-09-29,Britten-Norman,J8-VBI,SVG Air,0.0,Montserrat-John A. Osborne Airport (MNI),sub,2021.0,Non-Fatal
2021-10-01,Embraer,N730YX,"United Express, opb Republic Airlines",0.0,"Chicago-O'Hare International Airport, IL (ORD/KORD)",sub,2021.0,Non-Fatal
2021-10-01,Embraer,N142SY,"United Express, opb SkyWest Airlines",0.0,"Chicago-O'Hare International Airport, IL (ORD/KORD)",min,2021.0,Non-Fatal
2021-10-05,Dassault,N283SA,Sierra West Airlines,2.0,"1,3 km W of Thomson-McDuffie County Airport, GA",w/o,2021.0,Fatal
2021-10-08,Boeing,N8642E,Southwest Airlines,0.0,"Lexington, Virginia",non,2021.0,Non-Fatal
2021-10-08,Learjet,unreg.,private,0.0,"near Little Belize, Corozal",w/o,2021.0,Non-Fatal
2021-10-10,Let,RF-94591,DOSAAF,16.0,"1,7 km E of Menzelinsk Airport",w/o,2021.0,Fatal
2021-10-13,Bombardier,9H-VJM,VistaJet,0.0,Johannesburg-O.R. Tambo International Airport (JNB),sub,2021.0,Non-Fatal
2021-10-14,Antonov,N857PF,private,0.0,"near Wilton-Alta Mesa Airpark, CA",w/o,2021.0,Non-Fatal
2021-10-18,Beechcraft,N996LM,Lowcountry Aviation Co Brokerage LLC,0.0,"Mount Pleasant Regional-Faison field, SC (KLRO)",sub,2021.0,Non-Fatal
2021-10-19,Antonov,RA-33350,AeroUral,0.0,"near Alapayevsk, Sverdlovsk region",sub,2021.0,Non-Fatal
2021-10-19,Rockwell,XB-ETV,private,0.0,Jacmel Airport (JAK),sub,2021.0,Non-Fatal
2021-10-19,McDonnell Douglas,N987AK,987 Investments LLC,0.0,"Houston Executive Airport, TX (KTME)",w/o,2021.0,Non-Fatal
2021-10-22,Embraer,N925DR,Scout About LLC,0.0,"Orlando International Airport, FL (MCO)",sub,2021.0,Non-Fatal
2021-10-22,Cessna,N754KP,Alaska Seaplanes,0.0,"Juneau International Airport, AK (JNU)",sub,2021.0,Non-Fatal
2021-10-23,Embraer,N252NN,"Envoy Air, opf American Eagle",0.0,"Miami International Airport, FL (MIA/KMIA)",non,2021.0,Non-Fatal
2021-10-25,Cessna,PK-SNN,Smart Cakrawala Aviation,1.0,Ilaga Airport (ILA),w/o,2021.0,Fatal
2021-10-29,Cessna,PK-RVH,Reven Global Transpor,0.0,Dagi Baru Airstrip,w/o,2021.0,Non-Fatal
2021-10-30,Beechcraft,C-GEHS,"PAL Airlines, opf EHS LifeFlight Services",0.0,"Halifax-Stanfield International Airport, NS (YHZ/CYHZ)",sub,2021.0,Non-Fatal
2021-11-01,de Havilland Canada DHC-6 Twin Otter 300,C-GNPS,Air Tindi,0.0,"12,4 km NW of Fort Providence, NT",sub,2021.0,Non-Fatal
2021-11-02,Antonov,TR-NGT,"Optimum Aviation, opf Euro Airlines",5.0,"2,5 km N of Juba Airport (JUB)",w/o,2021.0,Fatal
2021-11-03,Antonov,EW-518TI,Grodno Aircompany,9.0,3 km SE of Irkutsk Airport (IKT),w/o,2021.0,Fatal
2021-11-03,Transall C-160NG,EY-360,Safe Air Company (SAC),0.0,Dolow Airport,w/o,2021.0,Non-Fatal
2021-11-05,Gulfstream,N42FL,private,0.0,"near Victoria 3, Retalhuleu",w/o,2021.0,Non-Fatal
2021-11-06,Antonov,YR-PMW,Asociatia Club Sportiv Skydiving Center,0.0,Letca Noua Airfield,sub,2021.0,Non-Fatal
2021-11-13,Britten-Norman,N866JA,Island Airways,4.0,"0,1 km S of Beaver Island-Welke Airport, MI",w/o,2021.0,Fatal
2021-11-14,IAI,N771DX,EMD Astra Holdings LLC,0.0,"Las Vegas-North Air Terminal, NV (VGT)",sub,2021.0,Non-Fatal
2021-11-21,Bombardier,N743QS,NetJets,0.0,50 km N of Turks and Caicos Islands,non,2021.0,Non-Fatal
2021-11-25,Airbus,PR-YRH,Azul Linhas Aéreas Brasileiras,0.0,"Cuiabá-Marechal Rondon International Airport, MT (CGB/SBCY)",non,2021.0,Non-Fatal
2021-11-28,Beechcraft,N71VT,Western Wings Corp,0.0,"Eugene Airport, OR (EUG)",sub,2021.0,Non-Fatal
2021-11-29,Boeing,N705CK,Kalitta Air,0.0,"between Santiago and Miami, FL",sub,2021.0,Non-Fatal
2021-12-01,Cessna,N81CB,private,0.0,"Lake Havasu City Airport, AZ (KHII)",sub,2021.0,Non-Fatal
2021-12-01,Cessna,N9602F,Lake & Peninsula Airlines,0.0,"W of Port Alsworth Airport, AK (PTA)",sub,2021.0,Non-Fatal
2021-12-05,Airbus,F-HNET,Air Caraïbes Atlantique,0.0,near Cayenne,non,2021.0,Non-Fatal
2021-12-05,Cessna,G-IPAX,Air Charter Scotland Ltd.,0.0,Kemi/Tornio Airport (KEM),sub,2021.0,Non-Fatal
2021-12-10,Swearingen,N54GP,Castle Aviation,1.0,"0,6 km SW of Manchester-Boston Regional Airport, NH (MHT/KMHT)",w/o,2021.0,Fatal
2021-12-11,Boeing,EI-EMM,Ryanair,0.0,Dublin Airport (DUB/EIDW),non,2021.0,Non-Fatal
2021-12-12,Airbus,N307FR,Frontier Airlines,0.0,"Las Vegas-McCarran International Airport, NV (LAS)",sub,2021.0,Non-Fatal
2021-12-14,Embraer,PR-TDV,Dimed SA Distribuidora da Medicamentos,0.0,"Santa Rosa Airport, RS (SRA)",sub,2021.0,Non-Fatal
2021-12-15,Gulfstream,HI1050,Helidosa Aviation Group,9.0,Santo Domingo-Las Américas International Airport (SDQ),w/o,2021.0,Fatal
2021-12-17,Beechcraft,C-FSKO,Keewatin Air,0.0,"Sanikiluaq Airport, NU (YSK)",sub,2021.0,Non-Fatal
2021-12-20,Cessna,N287CB,Cottingham & Butler Insurance Services,0.0,"Dubuque, IA",sub,2021.0,Non-Fatal
2021-12-21,Airbus,N2084J,JetBlue Airways,0.0,"New York-John F. Kennedy International Airport, NY (JFK/KJFK)",non,2021.0,Non-Fatal
2021-12-21,Learjet,XA-VDK,private,0.0,Cancún Airport (CUN/MMUN),w/o,2021.0,Non-Fatal
2021-12-23,Shorts,9S-GPS,Malu Aviation,5.0,"14,8 km NW of Shabunda",w/o,2021.0,Fatal
2021-12-25,Airbus,C-GFAF,Air Canada,0.0,"Montreal-Pierre Elliott Trudeau International Airport, QC (YUL)",sub,2021.0,Non-Fatal
2021-12-27,Learjet,N880Z,Aeromedevac Air Ambulance,4.0,"El Cajon, San Diego",w/o,2021.0,Fatal
2021-12-28,Beechcraft,N93GT,Sky-Bound Aviation LLC,0.0,"Helena-Thompson-Robbins Airport, AR (HEE)",sub,2021.0,Non-Fatal
2021-12-28,Cessna,Z-HAC,Halsted Aviation Corporation (HAC),0.0,Bazaruto Island Airport (BZB),w/o,2021.0,Non-Fatal
2021-12-30,Embraer,N633RW,"United Express, opb Republic Airlines",0.0,"Newark-Liberty International Airport, NJ (EWR)",sub,2021.0,Non-Fatal
2021-12-30,Airbus,TC-JOK,THY Turkish Airlines,0.0,"Newark-Liberty International Airport, NJ (EWR)",min,2021.0,Non-Fatal
2021-12-30,Beechcraft,TG-MAM,"Empresas Ginro, S.A.",0.0,Rio Dulce-Las Vegas Airport (LCF),w/o,2021.0,Non-Fatal
2020-01-01,Gulfstream,N962SS,Executive Charters Inc,0.0,"Van Nuys, CA",non,2020.0,Non-Fatal
2020-01-02,Antonov,-,Al Quwwat al-Jawwiya As-Sudaniya (Sudanese Air Force),18.0,5 km from Geneina Airport (EGN),w/o,2020.0,Fatal
2020-01-03,Hawker,N805D,Million Air San Juan,0.0,San Juan-Fernando Luis Ribas Dominicci Airport (SIG),sub,2020.0,Non-Fatal
2020-01-03,Harbin,SCL-857,Sri Lanka Air Force,4.0,"Haputale, Badulla",w/o,2020.0,Fatal
2020-01-04,Beechcraft,N200HF,"L.C. Whitford Co., Inc.",0.0,"Morristown Municipal Airport, NJ (MMU)",sub,2020.0,Non-Fatal
2020-01-05,de Havilland Canada DHC-8-202Q,N8200L,US Special Operations Command (USSOCOM),0.0,Manda Bay-Camp Simba Air Base,w/o,2020.0,Non-Fatal
2020-01-08,Boeing,N929NN,American Airlines,0.0,"New York-La Guardia Airport, NY (LGA)",sub,2020.0,Non-Fatal
2020-01-08,Boeing,UR-PSR,Ukraine International Airlines,176.0,near Sabashahr,w/o,2020.0,Fatal
2020-01-09,Lockheed,403,South African Air Force - SAAF,0.0,Goma Airport (GOM),sub,2020.0,Non-Fatal
2020-01-10,Airbus,N1902U,United Airlines,0.0,"New Orleans, Louisiana",non,2020.0,Non-Fatal
2020-01-10,Airbus,VQ-BRS,Nordwind Airlines,0.0,Antalya Airport (AYT),sub,2020.0,Non-Fatal
2020-01-12,Boeing,HL8243,Jin Air,0.0,30 km northwest of Fukuoka Airport,non,2020.0,Non-Fatal
2020-01-13,Airbus,OH-LXD,Finnair,0.0,Helsinki-Vantaa Airport (HEL/EFHK),non,2020.0,Non-Fatal
2020-01-16,Airbus,A6-EEN,Emirates,0.0,Beira FIR,non,2020.0,Non-Fatal
2020-01-16,Beechcraft,N547LM,LifeMed Alaska,0.0,"NW off Unalaska-Tom Madsen Airport, AK (DUT)",w/o,2020.0,Non-Fatal
2020-01-19,Fairchild,C-GWVH,Perimeter Aviation,0.0,"Shamattawa Airport, MB (ZTM)",sub,2020.0,Non-Fatal
2020-01-20,Boeing,SE-RLC,West Air Sweden,0.0,Roma-Ciampino Airport (CIA/LIRA),sub,2020.0,Non-Fatal
2020-01-20,de Havilland Canada DHC-8-314 Dash 8,C-GXAI,Air Inuit,0.0,"Schefferville Airport, QC (YKL)",sub,2020.0,Non-Fatal
2020-01-23,Cessna,ZS-CAR,South African Civil Aviation Authority,3.0,5 km NW of Friemersheim,w/o,2020.0,Fatal
2020-01-23,Lockheed,N134CG,Coulson Aviation,3.0,"near Cooma, NSW",w/o,2020.0,Fatal
2020-01-24,Gulfstream,N373ML,Compass Aviation LLC,0.0,San Juan-Fernando Luis Ribas Dominicci Airport (SIG),sub,2020.0,Non-Fatal
2020-01-27,Bombardier,11-9358,US Air Force (USAF),2.0,39 km NNW of Sharana FOB,w/o,2020.0,Fatal
2020-01-27,McDonnell Douglas,EP-CPZ,Caspian Airlines,0.0,Bandar Mahshahr Airport (MRX),w/o,2020.0,Non-Fatal
2020-01-28,Boeing,C-GWJU,WestJet,0.0,"Vancouver International Airport, BC (YVR/CYVR)",sub,2020.0,Non-Fatal
2020-01-28,Boeing,C-FZWS,WestJet,0.0,"Vancouver International Airport, BC (YVR/CYVR)",sub,2020.0,Non-Fatal
2020-01-30,Hawker,XA-BNG,ALE - Aerolineas Ejecutivas,0.0,Monterrey-Aeropuerto Del Norte (NTR),w/o,2020.0,Non-Fatal
2020-01-31,Bombardier,C-FKWE,WestJet Encore,0.0,"Terrace Airport, BC (YXT)",sub,2020.0,Non-Fatal
2020-02-01,Boeing,TC-MCT,"ACT Airlines, opf Saudi Arabian Airlines",0.0,Dammam-King Fahad International Airport (DMM/OEDF),sub,2020.0,Non-Fatal
2020-02-02,Airbus,A6-EON,Emirates,0.0,"over Rocky Mountains, Wyoming",non,2020.0,Non-Fatal
2020-02-03,Boeing,N703CK,Kalitta Air,0.0,"Los Angeles International Airport, CA (LAX)",sub,2020.0,Non-Fatal
2020-02-03,Boeing,C-GHOZ,Air Canada,0.0,Madrid-Barajas Adolfo Suárez Airport (MAD),min,2020.0,Non-Fatal
2020-02-04,Cessna,N454SF,Grant Aviation,0.0,"Hooper Bay Airport, AK (HPB)",sub,2020.0,Non-Fatal
2020-02-05,Boeing,TC-IZK,Pegasus Airlines,3.0,Istanbul-Sabiha Gökçen International Airport (SAW),w/o,2020.0,Fatal
2020-02-06,Cessna,N24MG,Redding Aero Enterprises Inc.,0.0,"NW off Eureka-Murray Field, CA (EKA)",sub,2020.0,Non-Fatal
2020-02-07,Bombardier,N610NN,"PSA Airlines, opf American Eagle",0.0,"Waynesville, North Carolina",sub,2020.0,Non-Fatal
2020-02-07,Cessna,N988FX,"Mountain Air Cargo, opf FedEx",0.0,"Baltimore/Washington International Thurgood Marshall Airport, MD (BWI)",sub,2020.0,Non-Fatal
2020-02-07,Boeing,TF-FIA,Icelandair Flugfélag Islands,0.0,Keflavík International Airport (KEF),unk,2020.0,Non-Fatal
2020-02-08,Beechcraft,CC-COT,Transportes Torreon,0.0,Rio Bueno-Fundo Cuincahuin Airstrip,w/o,2020.0,Non-Fatal
2020-02-08,Cessna,N501RG,Remonia Air,4.0,"near Fairmount, GA",w/o,2020.0,Fatal
2020-02-09,Boeing,VQ-BPS,Utair,0.0,Usinsk Airport (USK),sub,2020.0,Non-Fatal
2020-02-12,Cessna,N654CE,SC Cole Aviation LLC,0.0,"over Benbrook, TX",sub,2020.0,Non-Fatal
2020-02-14,Cessna,P2-MAI,Mission Aviation Fellowship - MAF,0.0,Miyanmin Airstrip (MPX),sub,2020.0,Non-Fatal
2020-02-15,Boeing,HL8342,Eastar Jet,0.0,120NM south of Incheon International Airport,non,2020.0,Non-Fatal
2020-02-20,Cessna,N163TC,Private,0.0,"Daytona Beach International Airport, FL (DAB)",sub,2020.0,Non-Fatal
2020-02-20,Beechcraft,N860J,"Lauren Engineers & Constructors, Inc.",3.0,"near Lake Coleman, TX",w/o,2020.0,Fatal
2020-02-20,Antonov,RA-40642,T-Cement,0.0,Magadan-13 Airport (UHMT),sub,2020.0,Non-Fatal
2020-02-21,de Havilland Canada DHC-3T Vazar Turbine Otter,C-FIUZ,Harbour Air,0.0,"Vancouver-Coal Harbour SPB, BC (CXH)",sub,2020.0,Non-Fatal
2020-02-23,Bombardier,C-GKCP,Canadian Pacific Railway Company,0.0,"Calgary International Airport, AB (YYC)",sub,2020.0,Non-Fatal
2020-02-24,de Havilland Canada DHC-6 Twin Otter 300,8Q-MBC,Trans Maldivian Airways,0.0,"Kuredu Island Resort, Lhaviyani Atoll",sub,2020.0,Non-Fatal
2020-02-24,Fairchild,C-GJVB,"Bearskin Airlines, opb Perimeter Aviation",0.0,"Dryden Regional Airport, ON (YHD)",sub,2020.0,Non-Fatal
2020-02-25,Boeing,PK-YSG,Trigana Air Service,0.0,Jayapura-Sentani Airport (DJJ),sub,2020.0,Non-Fatal
2020-02-25,Learjet,N135LR,Expectra Aviation Inc.,0.0,"Belmar/Farmingdale-Monmouth Executive Airport, NJ (BLM)",sub,2020.0,Non-Fatal
2020-02-26,Antonov,UP-A0001,Orlan 2000,0.0,"1,5 km NW of Ust-Kamenogorsk Airport (UKK)",w/o,2020.0,Non-Fatal
2020-02-27,Dassault,N951DJ,private,0.0,"Toronto-Buttonville Airport, ON (YKZ)",w/o,2020.0,Non-Fatal
2020-02-28,Airbus,UP-A3003,Sigma Airlines,0.0,Sharjah Airport (SHJ),sub,2020.0,Non-Fatal
2020-02-29,Learjet,N721EC,East Coast Jets,0.0,"Altoona Airport, PA (AOO)",sub,2020.0,Non-Fatal
2020-03-03,Dassault,N377EF,private,0.0,"Nashville-John C. Tune Airport, TN (KJWN)",sub,2020.0,Non-Fatal
2020-03-03,Cessna,N43NC,private,0.0,"Nashville-John C. Tune Airport, TN (KJWN)",sub,2020.0,Non-Fatal
2020-03-03,Cirrus,N217CB,BBR Air,0.0,"Nashville-John C. Tune Airport, TN (KJWN)",sub,2020.0,Non-Fatal
2020-03-03,Learjet,N890AC,Jetleg Management,0.0,"Nashville-John C. Tune Airport, TN (KJWN)",sub,2020.0,Non-Fatal
2020-03-03,Beechcraft,N2PY,AT Aero LLC,0.0,"Nashville-John C. Tune Airport, TN (KJWN)",sub,2020.0,Non-Fatal
2020-03-03,Beechcraft,N186EB,Executive Business Aviation Inc,0.0,"Nashville-John C. Tune Airport, TN (KJWN)",sub,2020.0,Non-Fatal
2020-03-03,Bombardier,N819RS,Legacy Air LLC,0.0,"Nashville-John C. Tune Airport, TN (KJWN)",sub,2020.0,Non-Fatal
2020-03-03,Cessna,N989CJ,Textron Inc.,0.0,"Nashville-John C. Tune Airport, TN (KJWN)",sub,2020.0,Non-Fatal
2020-03-03,Cessna,N177VV,"Crye-Leike South, Inc",0.0,"Nashville-John C. Tune Airport, TN (KJWN)",sub,2020.0,Non-Fatal
2020-03-03,Beechcraft,N615CL,Carol 1 LLC,0.0,"Nashville-John C. Tune Airport, TN (KJWN)",w/o,2020.0,Non-Fatal
2020-03-03,Dassault,N519JD,"Caridad Aviation, LLC",0.0,"Nashville-John C. Tune Airport, TN (KJWN)",sub,2020.0,Non-Fatal
2020-03-03,Cessna,N45NC,private,0.0,"Nashville-John C. Tune Airport, TN (KJWN)",sub,2020.0,Non-Fatal
2020-03-05,Cessna,N706FX,"FedEx Express, opb CSA Air",0.0,"Rhinelander-Oneida County Airport, WI (RHI)",sub,2020.0,Non-Fatal
2020-03-06,de Havilland Canada DHC-6 Vista Liner 300,N72GC,Grand Canyon Airlines,0.0,"Boulder City Municipal Airport, NV (BLD)",sub,2020.0,Non-Fatal
2020-03-08,Boeing,N477AX,Omni Air International,0.0,Shannon Airport (SNN),sub,2020.0,Non-Fatal
2020-03-09,Airbus,HS-TEU,Thai Airways International,0.0,Vientiane-Wattay Airport (VTE),sub,2020.0,Non-Fatal
2020-03-09,Gulfstream,M-YWAY,"Platinum Jet Co., Ltd.",0.0,Vientiane-Wattay Airport (VTE),sub,2020.0,Non-Fatal
2020-03-12,de Havilland Canada DHC-3T Vazar Turbine Otter,C-GTMW,Martini Aviation Ltd.,0.0,"Fort Langley Airport, BC (CBQ2)",sub,2020.0,Non-Fatal
2020-03-12,Beechcraft,HK-5075,private,2.0,"Claura Arriba, Iriona, Colón",w/o,2020.0,Fatal
2020-03-13,Cessna,YV3452,Servicios 5250084,2.0,Porlamar-del Caribe Santiago Mariño International Airport (PMV),w/o,2020.0,Fatal
2020-03-14,Raytheon,N100AG,Gemini Air Group,0.0,"Phoenix-Scottsdale Municipal Airport, AZ (SCF)",sub,2020.0,Non-Fatal
2020-03-17,Cessna,N274PM,Planemasters,1.0,"NW of La Crosse, Rush County, KS",w/o,2020.0,Fatal
2020-03-19,Cessna,P2-MAF,Mission Aviation Fellowship - MAF,0.0,Yenkisa Airstrip (YEQ),sub,2020.0,Non-Fatal
2020-03-21,Boeing,N193AN,American Airlines,0.0,"Las Vegas-McCarran International Airport, NV (LAS)",sub,2020.0,Non-Fatal
2020-03-22,Hawker,(XB-PNK),private,0.0,"near Caballo Blanco, Retalhuleu",sub,2020.0,Non-Fatal
2020-03-28,Cessna,N810LG,RBR Development LLC,0.0,"Jonesboro Municipal Airport, AR (JBR)",w/o,2020.0,Non-Fatal
2020-03-28,Cessna,N457MD,Hog Air Aviation LLC,0.0,"Jonesboro Municipal Airport, AR (JBR)",w/o,2020.0,Non-Fatal
2020-03-29,IAI,RP-C5880,Lionair Inc.,8.0,Manila-Ninoy Aquino International Airport (MNL),w/o,2020.0,Fatal
2020-04-12,Boeing,JA64AN,"All Nippon Airways - ANA, opb ANA Wings",0.0,30 km south-southwest of Matsuyama Airport (MYJ/RJOM),non,2020.0,Non-Fatal
2020-04-16,Cessna,C-GBIT,Mike's Oilfield Services Ltd.,0.0,"Maurice Lake, SK",sub,2020.0,Non-Fatal
2020-04-19,British Aerospace,N700NW,private,2.0,"near Las Cruces, Petén",w/o,2020.0,Fatal
2020-04-20,British Aerospace,N375TC,private,0.0,Laguna del Tigre National Park,w/o,2020.0,Non-Fatal
2020-04-23,Lockheed,11-5736,United States Air Force - USAF,0.0,Ramstein AFB (RMS),sub,2020.0,Non-Fatal
2020-04-24,IAI,YV3427,Inversiones SC 2012,0.0,"Fort Lauderdale-Executive Airport, FL (FXE)",sub,2020.0,Non-Fatal
2020-04-28,Beechcraft,C-FCBZ,Buffalo Airways,0.0,"Kugaaruk Airport, NU (YBB)",sub,2020.0,Non-Fatal
2020-05-02,Beechcraft,C-GSAE,Province of Saskatchewan Ministry of Central Services,0.0,"SE of Lloydminster Airport, AB (YLL)",sub,2020.0,Non-Fatal
2020-05-04,Learjet,LV-WOC,Dos Mil Aerosistema,0.0,"San Fernando Airport, BA (FDO)",sub,2020.0,Non-Fatal
2020-05-04,Embraer,5Y-AXO,African Express Airways,6.0,near Bardale Airstrip,w/o,2020.0,Fatal
2020-05-05,Learjet,LV-BXU,MD Fly,3.0,"near Esquel Airport, CB (EQS)",w/o,2020.0,Fatal
2020-05-07,Hawker,XB-RBF,private,0.0,southern Zulia state,w/o,2020.0,Non-Fatal
2020-05-08,Beechcraft,N31704,Ameriflight,0.0,"San Antonio International Airport, TX (SAT)",sub,2020.0,Non-Fatal
2020-05-09,Ilyushin,no reg.,Libyan Air Force,0.0,Tripoli-Mitiga International Airport (MJI),w/o,2020.0,Non-Fatal
2020-05-09,Learjet,5A-UAE,United Aviation,0.0,Tripoli-Mitiga International Airport (MJI),w/o,2020.0,Non-Fatal
2020-05-16,Let,RA-67066,Unknown,0.0,Ulang Airstrip,sub,2020.0,Non-Fatal
2020-05-19,Cessna,N501KM,McWilliams LLC,0.0,"Houston-William P. Hobby Airport, TX (HOU)",sub,2020.0,Non-Fatal
2020-05-19,Boeing,N820TJ,Swift Air,0.0,"W of Victorville-Southern California Logistics Airport, CA (VCV)",sub,2020.0,Non-Fatal
2020-05-21,Beechcraft,VT-RPG,Sanjiv Goenka Group,0.0,Kolkata-Netaji Subhas Chandra Bose International Airport (CCU),sub,2020.0,Non-Fatal
2020-05-21,Embraer,FAB2347,Força Aérea Brasileira - FAB,0.0,"Natal Air Force Base, RN (SBNT)",sub,2020.0,Non-Fatal
2020-05-28,British Aerospace,N720PT,private,0.0,near Sarteneja,sub,2020.0,Non-Fatal
2020-05-30,de Havilland Canada DHC-6 Twin Otter 100,N52FW,"Kapowsin Air Sports, opf Skydive San Diego",0.0,"San Diego-Brown Field Municipal Airport, CA (SDM)",sub,2020.0,Non-Fatal
2020-06-08,Dornier,PH-CGN,Netherlands Coast Guard (Kustwacht),0.0,Eindhoven Airport (EIN/EHEH),min,2020.0,Non-Fatal
2020-06-08,Lockheed,94-6706,United States Air Force - USAF,0.0,Al Taji Army Air Field (ORTI),sub,2020.0,Non-Fatal
2020-06-09,Beechcraft,C-GSLX,Sunwest Aviation,0.0,"near Lac la Biche (CYLB), AB",sub,2020.0,Non-Fatal
2020-06-13,Beechcraft,N858UP,Gama Aviation Signature,0.0,"Bedford-Hanscom Field, MA (BED)",sub,2020.0,Non-Fatal
2020-06-14,Airbus,VT-IJT,IndiGo Airlines,0.0,near Cochin Airport,non,2020.0,Non-Fatal
2020-06-14,Airbus,VP-BDL,Ural Airlines,0.0,Saint Petersburg-Pulkovo Airport (LED),sub,2020.0,Non-Fatal
2020-06-14,Airbus,VP-BWC,S7 Airlines,0.0,Saint Petersburg-Pulkovo Airport (LED),min,2020.0,Non-Fatal
2020-06-15,Grumman,N27SL,private,1.0,"Machiques de Perijá, Zulia",w/o,2020.0,Fatal
2020-06-16,Embraer,G-SAJS,Loganair,0.0,Aberdeen International Airport (ABZ/EGPD),min,2020.0,Non-Fatal
2020-06-16,de Havilland Canada DHC-8-402Q Dash 8,G-JECK,Nordic Aviation Capital,0.0,Aberdeen International Airport (ABZ/EGPD),sub,2020.0,Non-Fatal
2020-06-19,Gulfstream,N516TR,private,0.0,"El Chico, Retalhuleu",w/o,2020.0,Non-Fatal
2020-06-28,Cessna,VT-JSS,Jindal Steel & Power Ltd.,0.0,Vijayanagar Aerodrome (VDY),sub,2020.0,Non-Fatal
2020-07-02,Grumman,XB-NRX,Private,0.0,Mapastepec,w/o,2020.0,Non-Fatal
2020-07-05,Boeing,N254WN,Southwest Airlines,0.0,"Orlando, Florida",non,2020.0,Non-Fatal
2020-07-05,British Aerospace,XB-RCM,private,0.0,"10 km from José Maria Morelos, Quintana Roo",w/o,2020.0,Non-Fatal
2020-07-07,Airbus,HB-JOH,Chair Airlines,0.0,Napoli-Capodichino Airport (NAP),w/o,2020.0,Non-Fatal
2020-07-07,Hawker,N339AV,private,0.0,within Venezuela,w/o,2020.0,Non-Fatal
2020-07-09,Embraer,N226NN,"Envoy Air, opf American Eagle",0.0,"Plainfield, Illinois",non,2020.0,Non-Fatal
2020-07-09,Airbus,PT-TMO,LATAM Airlines Brasil,0.0,"near Guarulhos, SP",non,2020.0,Non-Fatal
2020-07-10,Learjet,XA-CAO,Aeroparadise SA,0.0,Toluca-Licenciado Adolfo López Mateos International Airport (TLC),sub,2020.0,Non-Fatal
2020-07-13,Britten-Norman,N200MU,Tropic Air Charters,0.0,"Fort Lauderdale-Executive Airport, FL (FXE)",sub,2020.0,Non-Fatal
2020-07-13,Antonov,RA-40851,Zeus-Avia,2.0,"0,4 km SE of Kistenevo, Bolsheboldinsky district, Nizhny Novgorod region",w/o,2020.0,Fatal
2020-07-14,Boeing,ZS-SJB,Mango,0.0,N of Durban,non,2020.0,Non-Fatal
2020-07-14,de Havilland Canada DHC-8-402Q (PF) Dash 8,5Y-VVU,Blue Bird Aviation,0.0,Beledweyne-Ugas Khalif Airport (HCMN),w/o,2020.0,Non-Fatal
2020-07-15,Beechcraft,EM-809,Turkish Police,7.0,30 km SW of Van-Ferit Melen Airport (VAN),w/o,2020.0,Fatal
2020-07-17,Beechcraft,C-FSKQ,Skyjet Aviation,0.0,"Rouyn Airport, QC (YUY)",sub,2020.0,Non-Fatal
2020-07-19,Antonov,RA-71276,Phoenix,6.0,"30 km W of Tagarkhay, Buryatia region",w/o,2020.0,Fatal
2020-07-20,Beechcraft,N740P,private,0.0,35 km SW of Brus Laguna,sub,2020.0,Non-Fatal
2020-07-22,Beechcraft,N425BJ,N425BJ LLC,0.0,"Montgomery Regional Airport, AL (MGM)",sub,2020.0,Non-Fatal
2020-07-22,Boeing,ET-ARH,Ethiopian Airlines,0.0,Shanghai Pudong International Airport (PVG),w/o,2020.0,Non-Fatal
2020-07-23,Airbus,EP-MNF,Mahan Air,0.0,Syrian airspace,non,2020.0,Non-Fatal
2020-07-25,Cessna,XA-FTG,AX Transporter,0.0,Holbox Airstrip,sub,2020.0,Non-Fatal
2020-07-26,Gulfstream,N450BD,private,0.0,"near El Chal, Petén Department",w/o,2020.0,Non-Fatal
2020-07-28,Boeing,PK-YSZ,Trigana Air Service,0.0,Wamena Airport (WMX/WAJW),min,2020.0,Non-Fatal
2020-07-30,Beechcraft,N515BA,private,0.0,"Rio Negro, Zulia",w/o,2020.0,Non-Fatal
2020-08-01,Airbus,VP-BAX,Aeroflot Russian International Airlines,0.0,Moskva-Sheremetyevo Airport (SVO),sub,2020.0,Non-Fatal
2020-08-03,Antonov,RA-74044,"UTair-Cargo, opf United Nations - UN",0.0,Gao Airport (GAQ),w/o,2020.0,Non-Fatal
2020-08-04,Harbin,KAF128,Kenya Air Force - KAF,0.0,Dhobley Airstrip,sub,2020.0,Non-Fatal
2020-08-07,Boeing,VT-AXH,Air India Express,21.0,Kozhikode-Calicut Airport (CCJ),w/o,2020.0,Fatal
2020-08-08,Canadair,EC-HET,"Aut, Nacional de Emergência e Proteção Civil, opb Babcock",1.0,Lobios,w/o,2020.0,Fatal
2020-08-09,British Aerospace,XB-RAY,private,0.0,near Maracaibo-La Chinita International Airport (MAR),w/o,2020.0,Non-Fatal
2020-08-10,Rockwell,N400RS,private,2.0,W off Paraguaná,w/o,2020.0,Fatal
2020-08-12,Airbus,EC-IEF,Iberia,0.0,near Barcelona Airport (LEBL),non,2020.0,Non-Fatal
2020-08-12,Beechcraft,N316JP,private,0.0,"Santa Ana, Bartolomé de Las Casas, Zulia",w/o,2020.0,Non-Fatal
2020-08-13,Let,9S-GEN,Doren Air Congo,4.0,28 km from Bukavu-Kavumu Airport (BKY),w/o,2020.0,Fatal
2020-08-16,Cessna,5Y-SAV,City Link,0.0,New Fangak Airstrip,w/o,2020.0,Non-Fatal
2020-08-18,ATR,6V-ASN,Air Senegal,0.0,Ziguinchor Airport (ZIG),sub,2020.0,Non-Fatal
2020-08-19,Boeing,N146FE,FedEx,0.0,"Los Angeles International Airport, CA (LAX)",sub,2020.0,Non-Fatal
2020-08-20,Beechcraft,N198DM,Bomac Air,1.0,"Chicago/Rockford International Airport, IL (RFD/KRFD)",w/o,2020.0,Fatal
2020-08-22,Antonov,EX-126,"South West Aviation, lsf Skyway Air",9.0,ca 4 km NW of Juba Airport (JUB),w/o,2020.0,Fatal
2020-08-27,Boeing,VQ-BMS,Las Vegas Sands Corporation,0.0,"Lake Charles-Chennault International Airport, LA (CWF)",sub,2020.0,Non-Fatal
2020-08-28,Boeing,N423AX,Omni Air International,0.0,Bucharest Baneasa Aurel Vlaicu International Airport (BBU),sub,2020.0,Non-Fatal
2020-08-29,Boeing,JA73NM,Skymark Airlines,0.0,15 km ENE of Tokyo-Haneda International Airport (HND),sub,2020.0,Non-Fatal
2020-08-29,Dassault,XB-OAP,private,0.0,Palenque Airport (PQM),sub,2020.0,Non-Fatal
2020-09-04,Fairchild,N362AE,Ameriflight,0.0,"San Antonio International Airport, TX (SAT)",sub,2020.0,Non-Fatal
2020-09-07,Cessna,N186GC,Grand Canyon Airlines,0.0,"Whitmore-Grand Canyon Bar Ten Airstrip, AZ (GCT)",sub,2020.0,Non-Fatal
2020-09-07,Gulfstream,PR-AUR,W.R.V. Empreendimentos e Participacoes Ltda.,0.0,"Belo Horizonte/Pampulha - Carlos Drummond de Andrade Airport, MG (PLU)",sub,2020.0,Non-Fatal
2020-09-11,Cessna,5Y-CDH,Unknown,0.0,Maji Moto area in Narok South,w/o,2020.0,Non-Fatal
2020-09-16,Cessna,N254DR,Connair Consulting LLC,0.0,"Jackson-McKellar-Sipes Regional Airport, TN (MKL)",sub,2020.0,Non-Fatal
2020-09-19,Fokker,5Y-MHT,"Silverstone Air Services, opf Saacid Airlines",0.0,Mogadishu Aden Adde International Airport (MGQ),w/o,2020.0,Non-Fatal
2020-09-21,Learjet,false reg.,private,0.0,Santha Martha,w/o,2020.0,Non-Fatal
2020-09-22,Cessna,HK-4669-G,private,0.0,near Guaymaral Airport,sub,2020.0,Non-Fatal
2020-09-23,British Aerospace,XB-PYZ,private,4.0,"Alta Verapaz, Santa Marta Salina",w/o,2020.0,Fatal
2020-09-25,Antonov,76 yellow,Ukraine Air Force,26.0,"1,1 km N of Chuhuiv Air Base",w/o,2020.0,Fatal
2020-09-27,Canadair,N100QR,private,0.0,"Sur del Lago region, Zulia",w/o,2020.0,Non-Fatal
2020-09-29,Lockheed,166765,United States Marine Corps,0.0,"near Salton City, CA",sub,2020.0,Non-Fatal
2020-09-30,Boeing,N860DA,Delta Air Lines,0.0,"Anchorage, Alaska",non,2020.0,Non-Fatal
2020-10-04,Gulfstream,N305LR,private,0.0,"Machiques, Zulia",w/o,2020.0,Non-Fatal
2020-10-05,de Havilland Canada DHC-6 Twin Otter 300,8Q-TMF,Trans Maldivian Airways,0.0,Malé-Velana International Airport (MLE),sub,2020.0,Non-Fatal
2020-10-05,Hawker,HS-WTH,Ratchthani Leasing Public Company Limited,0.0,Pattani Airport (PAN/VTSK),sub,2020.0,Non-Fatal
2020-10-06,Boeing,HK-5228,AerCaribe Cargo,0.0,San José-Juan Santamaria International Airport (SJO/MROC),w/o,2020.0,Non-Fatal
2020-10-10,Douglas,N96358,Alaska Air Fuel,0.0,"Yakataga Airport, AK",sub,2020.0,Non-Fatal
2020-10-10,Cessna,5H-NWA,Duk Air Travel,0.0,Mundri Airstrip,sub,2020.0,Non-Fatal
2020-10-14,Beechcraft,N499CZ,Freight Runners Express,0.0,"Waterville-Robert Lafleur Airport, ME (WVL)",sub,2020.0,Non-Fatal
2020-10-14,Antonov,OB-2120-P,AerCaribe Peru,0.0,Iquitos-Coronel Francisco Secada Vignetta International Airport (IQT),w/o,2020.0,Non-Fatal
2020-10-16,Britten-Norman,V6-01FM,Caroline Islands Air,0.0,"Mwoakilloa Airfield, Caroline Islands",sub,2020.0,Non-Fatal
2020-10-21,Learjet,N1128M,Worldwide Jet Charter Inc,0.0,"Chicago-Executive Airport, IL (PWK)",sub,2020.0,Non-Fatal
2020-10-22,de Havilland Canada DHC-6 Twin Otter 300,8Q-TMR,Trans Maldivian Airways,0.0,Medhafushi Water Aerodrome,sub,2020.0,Non-Fatal
2020-10-23,Bombardier,JA845A,Oriental Air Bridge,0.0,Fukue Airport (FUJ),sub,2020.0,Non-Fatal
2020-10-24,Embraer,N674RJ,"American Eagle, opb Envoy Air",0.0,Freeport-Grand Bahama International Airport (FPO),sub,2020.0,Non-Fatal
2020-10-29,Gulfstream,N461AR ?,private,3.0,Laguna del Tigre,w/o,2020.0,Fatal
2020-10-29,Britten-Norman,N706MC,St. Bernard Parish Government,0.0,"New Orleans-Lakefront Airport, LA (NEW)",sub,2020.0,Non-Fatal
2020-10-30,Antonov,PT-ZNQ,private,0.0,"Brasília-Piquet Airport, DF (SSGP)",sub,2020.0,Non-Fatal
2020-10-30,Embraer,PR-LMP,TRACBEL,0.0,"Igaratinga-São Pedro Airport, MG (SSDK)",w/o,2020.0,Non-Fatal
2020-10-31,Cessna,YI-118,Al Quwwat al Jawwiya al Iraqiya (Iraqi Air Force),2.0,near Balad,w/o,2020.0,Fatal
2020-11-01,Raytheon,N456FL,Georgia Jet,0.0,"Fernandina Beach Municipal Airport, FL (KFHB)",sub,2020.0,Non-Fatal
2020-11-05,Fairchild,LV-VDJ,Dos Mil Aerosistema,0.0,"Mendoza-El Plumerillo Airport, MD (MDZ)",sub,2020.0,Non-Fatal
2020-11-09,Rockwell,XA-VD.,private,1.0,"El Chico, Champerico, Retalhuleu",w/o,2020.0,Fatal
2020-11-12,British Aerospace,OB-2152,SAETA Peru,0.0,Iquitos International Airport (IQT),sub,2020.0,Non-Fatal
2020-11-13,Bombardier,N778SK,"SkyWest Airlines, opf American Eagle",0.0,"Phoenix-Sky Harbor International Airport, AZ (PHX/KPHX)",non,2020.0,Non-Fatal
2020-11-13,Antonov,RA-82042,Volga-Dnepr Airlines,0.0,Novosibirsk-Tolmachevo Airport (OVB),sub,2020.0,Non-Fatal
2020-11-15,Grumman,N104VV,private,0.0,"Caño Amarillo, Catatumbo",w/o,2020.0,Non-Fatal
2020-11-16,ATR,VT-TMM,TruJet,0.0,Mysore Airport (MYQ),sub,2020.0,Non-Fatal
2020-11-23,Beechcraft,HB-GJM,Air-Glaciers,0.0,Sion Airport (SIR),sub,2020.0,Non-Fatal
2020-11-23,de Havilland Canada DHC-8-314 Dash 8,C-FEXZ,Voyageur Airways,0.0,"North Bay Airport, ON (YYB)",sub,2020.0,Non-Fatal
2020-11-23,de Havilland Canada DHC-7-110,VP-FBQ,British Antarctic Survey,0.0,"North Bay Airport, ON (YYB)",sub,2020.0,Non-Fatal
2020-11-26,ATR,C-FAFS,Calm Air International,0.0,"Naujaat Airport, NU (YUT)",sub,2020.0,Non-Fatal
2020-11-28,Embraer,CU-T1541,Cubana de Aviación,0.0,Havana-José Martí International Airport (HAV),sub,2020.0,Non-Fatal
2020-11-30,Cessna,C6-AWO,Royal Bahamas Defence Force,0.0,George Town-Exuma International Airport (GGT),sub,2020.0,Non-Fatal
2020-12-01,de Havilland Canada DHC-6 Vista Liner 300,P2-ASM,Air Sanga,0.0,Wobagen Airstrip,sub,2020.0,Non-Fatal
2020-12-02,Cessna,N48DK,Aviation Star S II LLC,0.0,"Lufkin Angelina County Airport, TX (LFK)",sub,2020.0,Non-Fatal
2020-12-02,Boeing,EY-560,Air Djibouti,0.0,Garowe Airport (GGR),sub,2020.0,Non-Fatal
2020-12-05,Beechcraft,C-FWYO,Airco Aircraft Charters,0.0,"Edmonton International Airport, AB (YEG)",sub,2020.0,Non-Fatal
2020-12-09,Shijiazhuang,B-8242,Xinjiang General Aviation,0.0,Urumqi-Yaxin General Airport,w/o,2020.0,Non-Fatal
2020-12-09,Antonov,UR-33642,private,1.0,"near Zolota Sloboda, Kozova Raion, Ternopil Oblast",w/o,2020.0,Fatal
2020-12-10,Gulfstream,(N370JL),private,0.0,southern Belize,w/o,2020.0,Non-Fatal
2020-12-13,Eclipse,N686TM,private,0.0,"Leadville Airport, CO (LXV)",sub,2020.0,Non-Fatal
2020-12-16,Embraer,N661EP,Executive Aviation Investors Inc,0.0,"Jacksonville Executive at Craig Airport, FL (CRG)",sub,2020.0,Non-Fatal
2020-12-19,British Aerospace,(N326TD),private,1.0,Parque Nacional Sierra de Lacandon,w/o,2020.0,Fatal
2020-12-20,Raytheon,N412JA,Talon Air,0.0,"Farmingdale-Republic Airport, NY (FRG)",sub,2020.0,Non-Fatal
2020-12-22,Cessna,PR-HFT,La Barca Empreendimentos Ltda,0.0,"Uberlândia, MG (SBUL)",sub,2020.0,Non-Fatal
2020-12-23,Airbus,N463UA,United Airlines,0.0,"Houston, Texas",non,2020.0,Non-Fatal
2020-12-30,Cessna,PZ-TSK,Blue Wing Airlines,0.0,Kawemhaken-Lawa Anapaike Airstrip,sub,2020.0,Non-Fatal
2019-01-07,Saab,YL-RAF,RAF-AVIA,0.0,Savonlinna Airport (SVL),sub,2019.0,Non-Fatal
2019-01-12,Boeing,VQ-BJP,UTair Aviation,0.0,Moskva-Vnukovo Airport (VKO),sub,2019.0,Non-Fatal
2019-01-12,Canadair,N813WT,TW 601-C Investment LLC,0.0,"Uvalde-Ox Ranch Airport ,TX",sub,2019.0,Non-Fatal
2019-01-14,Boeing,EP-CPP,"Saha Air, lsf Islamic Republic of Iran Air Force - IRIAF",15.0,Fat'h Airport,w/o,2019.0,Fatal
2019-01-16,Cessna,8R-YAC,Air Services Limited - ASL,0.0,Georgetown-Ogle International Airport (OGL),sub,2019.0,Non-Fatal
2019-01-18,Boeing,9V-SQL,Singapore Airlines,0.0,en route Melbourne-Wellington,non,2019.0,Non-Fatal
2019-01-21,Aero Modifications AMI DC-3-65TP,N467KS,Priority Air Charter,2.0,"SE of Kidron-Stoltzfus Airfield, OH",sub,2019.0,Fatal
2019-01-22,Boeing,VP-BRR,Aeroflot Russian International Airlines,0.0,Khanty-Mansiysk International Airport (HMA),non,2019.0,Non-Fatal
2019-01-23,de Havilland Canada DHC-8-102 Dash 8,C-GTCO,Air Creebec,0.0,"Rouyn Airport, QC (YUY)",sub,2019.0,Non-Fatal
2019-01-26,Airbus,TC-OEB,Onur Air,0.0,Antalya Airport (AYT/LTAI),sub,2019.0,Non-Fatal
2019-01-28,Airbus,N220FR,Frontier Airlines,0.0,"Denver International Airport, CO (DEN/KDEN)",sub,2019.0,Non-Fatal
2019-01-28,Boeing,N720CK,Kalitta Charters,0.0,"Tuscaloosa Regional Airport, AL (TCL)",sub,2019.0,Non-Fatal
2019-01-28,ATR,EC-LYJ,"Air Europa, opb Swiftair",0.0,Palma de Mallorca Airport (PMI),sub,2019.0,Non-Fatal
2019-01-29,Beechcraft,N13LY,Guardian Flight,3.0,"32 km W off Kake, AK",w/o,2019.0,Fatal
2019-01-30,Beechcraft,C-GTUC,Air Tindi,2.0,"39 km ESE of Whatì/Lac La Martre Airport, NT (YLE)",w/o,2019.0,Fatal
2019-02-03,Boeing,N26909,United Airlines,0.0,"Pacific Ocean, Pacific Ocean",non,2019.0,Non-Fatal
2019-02-04,Boeing,ST-TAL,"Tarco Air, opf Sudan Airways",0.0,Khartoum-Civil Airport,non,2019.0,Non-Fatal
2019-02-05,Boeing,N852NN,American Airlines,0.0,Bluefields,non,2019.0,Non-Fatal
2019-02-08,Airbus,SE-RKA,Novair,0.0,Billund Airport (BLL),sub,2019.0,Non-Fatal
2019-02-08,Convair,N145GT,Conquest Air Cargo,1.0,"21 km E off Bay Harbor Islands, FL",w/o,2019.0,Fatal
2019-02-09,Cessna,PR-RTA,RICO Taxi Aéreo,0.0,"231 km SSW of Caracaraí, RR",sub,2019.0,Non-Fatal
2019-02-09,Embraer,5Y-FFF,Kenya Airways,0.0,Nairobi-Jomo Kenyatta International Airport (NBO),sub,2019.0,Non-Fatal
2019-02-09,Embraer,5Y-KYR,Kenya Airways,0.0,Nairobi-Jomo Kenyatta International Airport (NBO),sub,2019.0,Non-Fatal
2019-02-11,Raytheon,N750TA,Stein's Aircraft Services,0.0,"Richmond Municipal Airport, IN (RID)",sub,2019.0,Non-Fatal
2019-02-13,Embraer,N613CZ,"Delta Airlines, opb Compass Airlines",0.0,"near Reno-Tahoe International Airport (KRNO), Washoe County, NV",min,2019.0,Non-Fatal
2019-02-13,de Havilland Canada DHC-6 Twin Otter 300,PJ-WII,Winair,0.0,Saint-Barthélémy-Rémy de Haenen Airport (SBH/TFFJ),non,2019.0,Non-Fatal
2019-02-13,Boeing,PH-BHA,KLM Royal Dutch Airlines,0.0,Amsterdam-Schiphol International Airport (AMS/EHAM),min,2019.0,Non-Fatal
2019-02-13,Boeing,PH-BFV,KLM Royal Dutch Airlines,0.0,Amsterdam-Schiphol International Airport (AMS/EHAM),min,2019.0,Non-Fatal
2019-02-17,Boeing,N3730B,Delta Air Lines,0.0,"Franklin, Tennessee",non,2019.0,Non-Fatal
2019-02-23,Boeing,N1217A,"Amazon Air, opb Atlas Air",3.0,"Trinity Bay, near Anahuac, TX",w/o,2019.0,Fatal
2019-02-24,Boeing,S2-AHV,Biman Bangladesh Airlines,1.0,Chittagong-Shah Amanat International Airport (CGP),min,2019.0,Fatal
2019-02-25,de Havilland Canada EO-5C (DHC-7-102),N89068,United States Army,0.0,Pyongtaek-Desiderio AAF (RKSG),sub,2019.0,Non-Fatal
2019-02-26,Gulfstream,4K-AZ88,Silk Way Business Aviation,0.0,Moskva-Sheremetyevo Airport (SVO),sub,2019.0,Non-Fatal
2019-02-27,Boeing,N771AN,American Airlines,0.0,"near Honolulu, Oahu, HI",non,2019.0,Non-Fatal
2019-02-28,Embraer,G-FBEJ,Flybe,0.0,Exeter Airport (EXT/EGTE),non,2019.0,Non-Fatal
2019-03-02,de Havilland Canada DHC-8-402Q Dash 8,G-JECN,Flybe,0.0,Southampton-Eastleigh Airport (SOU/EGHI),sub,2019.0,Non-Fatal
2019-03-03,Bombardier,N715CG,private,0.0,"Eufaula-Weedon Field, AL (EUF/KEUF)",w/o,2019.0,Non-Fatal
2019-03-03,Airbus,PR-OCW,Avianca Brasil,0.0,"Rio de Janeiro/Galeão-Antonio Carlos Jobim International Airport, RJ",sub,2019.0,Non-Fatal
2019-03-03,Honda HA-420 HondaJet,N105HJ,Banyan Jet Service,0.0,"Eufaula-Weedon Field, AL (EUF/KEUF)",w/o,2019.0,Non-Fatal
2019-03-03,Beechcraft,7T-VIO,Tassili Airlines,0.0,Ouargla-Ain Beida Airport (OGX),sub,2019.0,Non-Fatal
2019-03-04,Cessna,C-FAFV,Amik Aviation,0.0,"1,4 km S of Little Grand Rapids Airport, MB (ZGR)",sub,2019.0,Non-Fatal
2019-03-04,Embraer,N14171,"United Express, opb CommutAir",0.0,"Presque Isle International Airport, ME (PQI)",sub,2019.0,Non-Fatal
2019-03-07,Learjet,LV-BNR,Baires Fly,0.0,"Buenos Aires-Jorge Newbery Airport, BA (AEP)",sub,2019.0,Non-Fatal
2019-03-09,Gulfstream,N505GF,Waffle House Inc.,0.0,"Atlanta-DeKalb Peachtree Airport, GA (PDK)",sub,2019.0,Non-Fatal
2019-03-09,Douglas,HK-2494,LASER Aéreo Colombia,14.0,"Finca La Bendición, San Martín",w/o,2019.0,Fatal
2019-03-10,Boeing,N3756,Delta Air Lines,0.0,"Atlanta Hartsfield-Jackson International Airport, GA (ATL/KATL)",sub,2019.0,Non-Fatal
2019-03-10,Bombardier,N569NN,"PSA Airlines, opf American Eagle",0.0,"Charlotte-Douglas International Airport, NC (CLT/KCLT)",sub,2019.0,Non-Fatal
2019-03-10,Bombardier,N530EA,"PSA Airlines, opf American Eagle",0.0,"Charlotte-Douglas International Airport, NC (CLT/KCLT)",sub,2019.0,Non-Fatal
2019-03-10,Hawker,fake reg.,private,1.0,"near San Pedro Peralta, Chetumal, Quintana Roo",w/o,2019.0,Fatal
2019-03-10,Boeing,ET-AVJ,Ethiopian Airlines,157.0,50 km ESE of Addis Ababa-Bole Airport (ADD),w/o,2019.0,Fatal
2019-03-11,de Havilland Canada CC-138 Twin Otter (DHC-6),13803,Royal Canadian Air Force - RCAF,0.0,"140 km N Inuvik, NT",sub,2019.0,Non-Fatal
2019-03-12,Beechcraft,N945WS,Golden Wings Aviation Inc.,0.0,"Latrobe-Westmoreland County Airport, PA (LBE)",sub,2019.0,Non-Fatal
2019-03-14,Cessna,N220CM,RP Sales and Leasing Inc.,0.0,"Orlando Sanford International Airport, FL (SFB)",sub,2019.0,Non-Fatal
2019-03-18,IAI,N4MH,Sundance Airport FBO LLC,2.0,"Oklahoma City-Sundance Airport, OK (HSD)",w/o,2019.0,Fatal
2019-03-19,Fokker,EP-IDG,Iran Air,0.0,Tehran-Mehrabad Airport (THR/OIII),sub,2019.0,Non-Fatal
2019-03-21,ATR,TR-ABS,Afrijet,0.0,São Tomé Island Airport (TMS/FPST),sub,2019.0,Non-Fatal
2019-03-22,Rockwell,N990PA,private,0.0,ca 14 km E of Bajamar,w/o,2019.0,Non-Fatal
2019-03-23,Airbus,HA-LPL,Wizz Air,0.0,Bristol Airport (BRS/EGGD),min,2019.0,Non-Fatal
2019-03-23,Beechcraft,A2-MBM,Major Blue Air,1.0,Matsieng Aerodrome,w/o,2019.0,Fatal
2019-03-27,Boeing,N249WN,Southwest Airlines,0.0,"near Nashville International Airport, TN (BNA)",sub,2019.0,Non-Fatal
2019-03-27,Antonov,CU-A1825,Empresa Nacional de Servicios Aéreos-ENSA,0.0,Alonso de Rojas,sub,2019.0,Non-Fatal
2019-04-03,Airbus,G-EZWC,easyJet,0.0,Belfast International Airport (BFS/EGAA),min,2019.0,Non-Fatal
2019-04-04,McDonnell Douglas,N977DL,Delta Air Lines,0.0,"Atlanta Hartsfield-Jackson International Airport, GA (ATL/KATL)",sub,2019.0,Non-Fatal
2019-04-04,de Havilland Canada DHC-8-402Q Dash 8,OE-LGM,Austrian Airlines,0.0,Innsbruck-Kranebitten Airport (INN),sub,2019.0,Non-Fatal
2019-04-08,British Aerospace,HI1038,Sky High Aviation Services,0.0,Dominica Douglas-Charles Airport (DOM),sub,2019.0,Non-Fatal
2019-04-10,Airbus,N114NN,American Airlines,0.0,"New York-John F. Kennedy International Airport, NY (JFK)",sub,2019.0,Non-Fatal
2019-04-11,Boeing,N31412,United Airlines,0.0,"Fort Myers, FL",non,2019.0,Non-Fatal
2019-04-13,Rockwell,N265DS,Classic Aviation,3.0,"near New Albany, MS",w/o,2019.0,Fatal
2019-04-16,Bombardier,14+01,Luftwaffe,0.0,Berlin-Schönefeld Airport (SXF/EDDB),sub,2019.0,Non-Fatal
2019-04-16,Pilatus,CC-CYR,Archipiélagos Servicios Aéreos,6.0,"0,4 km W of Puerto Montt-Marcel Marchant Airport (SCPF)",w/o,2019.0,Fatal
2019-04-22,Airbus,HS-TXK,Thai Smile,0.0,"Sung Noen District, Nakhon Ratchasima Province",non,2019.0,Non-Fatal
2019-04-22,Antonov,EY-322,Asia Airways,0.0,64 km from Khartoum,sub,2019.0,Non-Fatal
2019-04-23,Cessna,N366TA,private,0.0,"Dry Tortugas National Park, FL",sub,2019.0,Non-Fatal
2019-04-24,Beechcraft,C-FRMV,Keewatin Air,0.0,"Gillam Airport, MB (YGX)",sub,2019.0,Non-Fatal
2019-04-24,Cessna,D-IADV,private,0.0,Siegen-Siegerland Airport (SGE/EDGS),sub,2019.0,Non-Fatal
2019-04-30,Boeing,G-GDFB,Jet2,0.0,East Midlands Airport (EMA),sub,2019.0,Non-Fatal
2019-04-30,Boeing,EI-SEV,Ryanair,0.0,East Midlands Airport (EMA/EGNX),sub,2019.0,Non-Fatal
2019-05-02,Boeing,HL8021,T'way Air,0.0,115km north of Tokyo/Narita International Airport (NRT/RJAA),non,2019.0,Non-Fatal
2019-05-03,Douglas,C-GJKM,Buffalo Airways,0.0,"6,5 km SE of Hay River Airport, NT (YHY)",sub,2019.0,Non-Fatal
2019-05-03,Boeing,N732MA,Miami Air International,0.0,"Jacksonville Naval Air Station, FL (NIP)",sub,2019.0,Non-Fatal
2019-05-04,Antonov,RA-01443,Voskhod LLC,0.0,"Vyun, Tomponsky region",sub,2019.0,Non-Fatal
2019-05-04,Learjet,C-GMCP,Skyservice Business Aviation,0.0,Edinburgh-Turnhouse Airport (EDI/EGPH),unk,2019.0,Non-Fatal
2019-05-05,Canadair,N601VH,Compañia de Aviación y Logística Empresarial,13.0,257 km NW of Monclova,w/o,2019.0,Fatal
2019-05-05,Sukhoi Superjet 100-95B,RA-89098,Aeroflot Russian International Airlines,41.0,Moskva-Sheremetyevo Airport (SVO),w/o,2019.0,Fatal
2019-05-07,Antonov,YV2354,private,0.0,13 km from Uriman Airport (URM),w/o,2019.0,Non-Fatal
2019-05-07,de Havilland Canada DHC-6 Twin Otter 300,C-GNDO,Air Inuit,0.0,"57 km NNE of Kuujjuarapik Airport, QC (YGW)",sub,2019.0,Non-Fatal
2019-05-08,de Havilland Canada DHC-8-402Q Dash 8,S2-AGQ,Biman Bangladesh Airlines,0.0,Yangon-Mingaladon Airport (RGN/VYYY),w/o,2019.0,Non-Fatal
2019-05-10,de Havilland Canada DHC-8-311 Dash 8,C-FJXZ,"Air Canada Express, opb Jazz Aviation",0.0,"Toronto–Lester B. Pearson International Airport, Ontario (YYZ)",sub,2019.0,Non-Fatal
2019-05-11,Cessna,C-FCPM,Parachutisme Nouvel Air,0.0,"Saint-Esprit Aerodrome, QC",sub,2019.0,Non-Fatal
2019-05-12,Embraer,XY-AGQ,Myanmar National Airlines,0.0,Mandalay International Airport (MDL),min,2019.0,Non-Fatal
2019-05-13,Boeing,HL7726,Korean Air,0.0,30NM W of Incheon International Airport,non,2019.0,Non-Fatal
2019-05-18,Gulfstream,unreg.,private,0.0,"Chico de Chamorro, Retalhuleu",w/o,2019.0,Non-Fatal
2019-05-22,Cessna,N311G,private,2.0,"near Indianapolis Regional Airport, IN (KMQJ)",w/o,2019.0,Fatal
2019-05-22,Antonov,RA-68161,private,0.0,Zhuravskoye,w/o,2019.0,Non-Fatal
2019-05-24,Cessna,N832R,Jet Sales LLC,1.0,"500 km E off Fort Lauderdale, Florida, USA",w/o,2019.0,Fatal
2019-05-25,Boeing,N8697C,Southwest Airlines,0.0,"Waycross, Georgia",non,2019.0,Non-Fatal
2019-05-25,Airbus,PK-LZJ,Batik Air,0.0,Makassar-Sultan Hasanuddin International Airport (WAAA),non,2019.0,Non-Fatal
2019-05-28,Airbus,N507JT,Jetblue Airways,0.0,"Fort Lauderdale, Florida",non,2019.0,Non-Fatal
2019-05-29,Antonov,5A-DKN,Libyan Air Cargo,0.0,Tripoli International Airport (TIP),w/o,2019.0,Non-Fatal
2019-06-03,Antonov,K2752,Indian Air Force - IAF,13.0,16 km N of Lipo,w/o,2019.0,Fatal
2019-06-07,Antonov,UR-KAU,TSO Ukrayiny,0.0,"Svyatoshyns'kyi District, Kiev",sub,2019.0,Non-Fatal
2019-06-09,Boeing,N75436,United Airlines,0.0,"Denver International Airport, CO (DEN/KDEN)",sub,2019.0,Non-Fatal
2019-06-09,Antonov,RA-81519,Feniks,0.0,"50 km NE of Kyren, Tunkinsky District",sub,2019.0,Non-Fatal
2019-06-11,CASA,N603AR,EP Aviation,0.0,Kiunga Airport (KIU),sub,2019.0,Non-Fatal
2019-06-15,ATR,PR-MPN,MAP Linhas Aéreas,0.0,"Manaus-Eduardo Gomes International Airport, AM (MAO)",sub,2019.0,Non-Fatal
2019-06-15,Boeing,N26123,United Airlines,0.0,"Newark-Liberty International Airport, NJ (EWR)",sub,2019.0,Non-Fatal
2019-06-17,Boeing,N8608N,Southwest Airlines,0.0,"Pittsburgh-Greater Pittsburgh International Airport, PA (PIT)",sub,2019.0,Non-Fatal
2019-06-17,Cessna,LV-CIQ,Banco Macro,0.0,"Joaquín V. González-Agropecuaria Río Juramento Airstrip, SA",sub,2019.0,Non-Fatal
2019-06-18,Airbus,B-LHA,Hong Kong Airlines,0.0,"Nansha District, Guangzhou, Guangdong Province",non,2019.0,Non-Fatal
2019-06-20,Antonov,UP-A0116,Navigator,1.0,"10 km from Rodina village, Tselinograd district",w/o,2019.0,Fatal
2019-06-21,Basler,C-FKGL,North Star Air,0.0,"off Fort Hope Airport, ON (YFH)",sub,2019.0,Non-Fatal
2019-06-23,Antonov,UR-43983,Phoenix Air LLC,0.0,"near Mlyny, Poltava region",w/o,2019.0,Non-Fatal
2019-06-26,Rockwell,N65HH,Yankee Dawdle LLC,0.0,"Sacramento-McClellan Airfield, CA (MCC)",min,2019.0,Non-Fatal
2019-06-27,Cessna,N318RW,Mueller Aero Inc,0.0,"Janesville, Wisconsin",min,2019.0,Non-Fatal
2019-06-27,British Aerospace,YV2536,Transmandu,0.0,Canaima Airport (CAJ),w/o,2019.0,Non-Fatal
2019-06-27,Antonov,RA-47366,Angara Airlines,2.0,Nizhneangarsk Airport (UIUN),w/o,2019.0,Fatal
2019-06-28,Saab,C6-VIP,Western Air,0.0,Nassau-Lynden Pindling International Airport (NAS),sub,2019.0,Non-Fatal
2019-06-29,Cessna,N80JF,ISR Aviation LLC,0.0,"Plant City-Blackwater Creek Ultralight Flightpark, FL",sub,2019.0,Non-Fatal
2019-06-30,Dassault,N908CA,Warren Transportation LLC,0.0,"Dallas-Addison Airport, TX (ADS/KADS)",w/o,2019.0,Non-Fatal
2019-06-30,Antonov,RF-00105,"DOSAAF, Gvardeysky ATSK",0.0,near Gvardeysky,sub,2019.0,Non-Fatal
2019-06-30,Beechcraft,N534FF,EE Operations LLC,10.0,"Dallas-Addison Airport, TX (ADS/KADS)",w/o,2019.0,Fatal
2019-07-01,Boeing,VT-SYK,SpiceJet,0.0,Mumbai-Chhatrapati Shivaji International Airport (BOM),sub,2019.0,Non-Fatal
2019-07-08,Canadair,C-FAWQ,Gouvernement du Québec,0.0,"83 km NW of Roberval Airport, QC (YRJ)",sub,2019.0,Non-Fatal
2019-07-08,Cessna,N9448B,Grant Aviation,0.0,"Bethel Airport, AK (BET)",w/o,2019.0,Non-Fatal
2019-07-08,Airbus,5A-ONA,Afriqiyah Airways,0.0,Tripoli-Mitiga International Airport (MJI),min,2019.0,Non-Fatal
2019-07-09,Antonov,unreg.,Unknown,0.0,"near Raduga, Novoaleksandrovsk District",sub,2019.0,Non-Fatal
2019-07-09,Boeing,PH-BXH,KLM Royal Dutch Airlines,0.0,Amsterdam-Schiphol International Airport (AMS/EHAM),min,2019.0,Non-Fatal
2019-07-09,Airbus,OE-IVQ,easyJet Europe,0.0,Amsterdam-Schiphol International Airport (AMS/EHAM),min,2019.0,Non-Fatal
2019-07-10,Airbus,A6-EEM,Emirates,0.0,Bay of Bengal,non,2019.0,Non-Fatal
2019-07-12,ATR,SX-FOR,Sky Express,0.0,Naxos Island National Airport (JNX/LGNX),sub,2019.0,Non-Fatal
2019-07-12,Cessna,N262BK,"Omicron Business Services, LLC",0.0,"Orlando Executive Airport, FL (ORL)",sub,2019.0,Non-Fatal
2019-07-16,Antonov,RA-3098K,Unknown,0.0,"Novoshchedrinskaya, Chechnya",w/o,2019.0,Non-Fatal
2019-07-17,Cessna,N320JT,Avia Jet LLC,0.0,"Mesquite Municipal Airport, NV",w/o,2019.0,Non-Fatal
2019-07-19,de Havilland Canada DHC-8-402Q Dash 8,C-FKWE,WestJet Encore,0.0,"Edmonton International Airport, AB (YEG)",sub,2019.0,Non-Fatal
2019-07-20,ATR,AP-BHP,Pakistan International Airlines - PIA,0.0,Gilgit Airport (GIL),sub,2019.0,Non-Fatal
2019-07-22,Boeing,N663UA,United Airlines,0.0,"200 nm N of San Juan, Puerto Rico",non,2019.0,Non-Fatal
2019-07-23,Boeing,N57852,United Airlines,0.0,"San Francisco International Airport, CA (SFO)",sub,2019.0,Non-Fatal
2019-07-23,Boeing,5N-BQO,Air Peace,0.0,Lagos-Murtala Muhammed International Airport (LOS),sub,2019.0,Non-Fatal
2019-07-24,Boeing,C-FNNQ,Air Canada,0.0,Paris-Charles de Gaulle Airport (CDG/LFPG),non,2019.0,Non-Fatal
2019-07-25,Ilyushin,UR-CMC,Europe Air,1.0,Al Jufra Airbase,w/o,2019.0,Fatal
2019-07-25,Ilyushin,UR-CRP,Europe Air,0.0,Al Jufra Airbase,w/o,2019.0,Non-Fatal
2019-07-26,Cessna,C-GURL,Seair Seaplanes,4.0,"Addenbroke Island, BC",w/o,2019.0,Fatal
2019-07-27,Fairchild,N681TR,Sierra West Airlines,0.0,"El Paso International Airport, TX (ELP)",sub,2019.0,Non-Fatal
2019-07-30,Avro RJ85,VH-NJW,Cobham Aviation Services,0.0,"Perth Airport, WA (PER)",sub,2019.0,Non-Fatal
2019-07-30,Airbus,D-AILR,Lufthansa,0.0,Frankfurt International Airport (FRA/EDDF),sub,2019.0,Non-Fatal
2019-07-31,Douglas,N59314,Bush Air Fuel,0.0,"Drift River Airport (3AK5), AK",sub,2019.0,Non-Fatal
2019-07-31,Bombardier,N947LR,"American Eagle, opb Mesa Airlines",0.0,"Dallas/Fort Worth International Airport, TX (DFW/KDFW)",sub,2019.0,Non-Fatal
2019-08-01,Douglas,N451CE,Everts Air Cargo,0.0,"Candle 2 Airport, AK",sub,2019.0,Non-Fatal
2019-08-02,Airbus,G-MLJL,Thomas Cook Airlines,0.0,near SUMRS waypoint,min,2019.0,Non-Fatal
2019-08-02,Shijiazhuang,B-50OC,Liaoning Star General Aviation,0.0,"Longmen Farm, Wudalianchi, Heilongjiang Province",sub,2019.0,Non-Fatal
2019-08-02,Boeing,C-GHPU,Air Canada,0.0,"Vancouver International Airport, BC (YVR/CYVR)",min,2019.0,Non-Fatal
2019-08-02,Airbus,HB-JMF,Edelweiss Air,0.0,"Vancouver International Airport, BC (YVR/CYVR)",sub,2019.0,Non-Fatal
2019-08-04,Antonov,RT-15-305,DOSAAF Tajikistan,1.0,near Fakhrabad,w/o,2019.0,Fatal
2019-08-05,Airbus,N432UA,United Airlines,0.0,"San Francisco International Airport, CA (SFO)",sub,2019.0,Non-Fatal
2019-08-06,Cessna,CC-ANR,private,1.0,"0,4 km N of Los Ángeles-María Dolores Airport (LSQ)",w/o,2019.0,Fatal
2019-08-06,Cessna,C-FSKF,Alkan Air,2.0,"46 km ENE of Mayo Airport, YT (YMA)",w/o,2019.0,Fatal
2019-08-06,Cessna,5H-NOW,Tropical Air,0.0,Mafia Airport (MFA),w/o,2019.0,Non-Fatal
2019-08-06,Ilyushin,UR-COZ,SkyAviatrans,0.0,Misrata International Airport (MRA),w/o,2019.0,Non-Fatal
2019-08-06,Cessna,D-CAWM,Aerowest,0.0,Aarhus Airport (AAR/EKAH),w/o,2019.0,Non-Fatal
2019-08-07,British Aerospace,HK-4540,SARPA - Servicios Aéreos Panamericanos,0.0,Bahía Solano-José Celestino Mutis Airport (BSC),sub,2019.0,Non-Fatal
2019-08-08,Airbus,N505JB,Jetblue Airways,0.0,"Charlottesville, Virginia",non,2019.0,Non-Fatal
2019-08-08,Bombardier,N237QS,Netjets,0.0,"Lubbock, Texas",non,2019.0,Non-Fatal
2019-08-08,Airbus,N717FR,Frontier Airlines,0.0,"Orlando International Airport, FL (MCO)",sub,2019.0,Non-Fatal
2019-08-10,Canadair,N602TS,private,0.0,Nassau-Lynden Pindling International Airport (NAS),sub,2019.0,Non-Fatal
2019-08-12,Boeing,G-CKWB,Norwegian Air UK,0.0,London-Gatwick Airport (LGW),min,2019.0,Non-Fatal
2019-08-14,de Havilland Canada DHC-6 Twin Otter 200,T-82,Fuerza Aérea Argentina - FAA,0.0,54 km from Base Marambio,sub,2019.0,Non-Fatal
2019-08-14,Beechcraft,XB-...,Unknown,0.0,"El Ramonal, Chetumal, Quintana Roo",w/o,2019.0,Non-Fatal
2019-08-15,Boeing,JA808A,All Nippon Airways - ANA,0.0,"Over Chengde, Hebei Province",non,2019.0,Non-Fatal
2019-08-15,de Havilland Canada DHC-6 Twin Otter 300,N322AV,Berry Aviation,0.0,"San Marcos Regional Airport, TX",sub,2019.0,Non-Fatal
2019-08-15,Cessna,N8JR,JRM Air LLC,0.0,"Elizabethton Municipal Airport, TN",w/o,2019.0,Non-Fatal
2019-08-15,Airbus,VQ-BOZ,Ural Airlines,0.0,ca 5 km SE of Zhukovsky International Airport (ZIA),sub,2019.0,Non-Fatal
2019-08-16,de Havilland Canada DHC-8-200,5Y-SLM,SafariLink,0.0,Kichwa Tembo Airstrip,sub,2019.0,Non-Fatal
2019-08-18,Cessna,N879MA,Mokulele Airlines,0.0,"Kapalua Airport, HI (JHM)",sub,2019.0,Non-Fatal
2019-08-18,Boeing,N543US,Delta Air Lines,0.0,"Ponta Delgada-João Paulo II Airport, Azores (PDL)",sub,2019.0,Non-Fatal
2019-08-21,Airbus,G-VFIT,Virgin Atlantic Airways,0.0,over Black Sea,non,2019.0,Non-Fatal
2019-08-21,Cessna,1060,Fuerza Aérea Venezolana - FAV,0.0,Caracas/La Carlota-Gen. Francisco de Miranda Air Base (SVFM),w/o,2019.0,Non-Fatal
2019-08-21,Cessna,C-FEXE,Morningstar Air Express,0.0,"Vancouver International Airport, BC (YVR/CYVR)",sub,2019.0,Non-Fatal
2019-08-21,Cessna,N91GY,Delta Private Jets,0.0,"Oroville Airport, CA (OVE)",w/o,2019.0,Non-Fatal
2019-08-22,Airbus,A6-EOP,Emirates,0.0,Dubai Airport (DXB),sub,2019.0,Non-Fatal
2019-08-23,Antonov,OK-TIR,Club Tiroler Adler,0.0,Gmunden Airfield,sub,2019.0,Non-Fatal
2019-08-25,Lockheed,N119TG,International Air Response,0.0,"Santa Barbara Airport, CA (SBA)",sub,2019.0,Non-Fatal
2019-08-26,McDonnell Douglas,N911DL,Delta Air Lines,0.0,"Chicago-O'Hare International Airport, IL (ORD/KORD)",non,2019.0,Non-Fatal
2019-08-27,Airbus,N328FR,Frontier Airlines,0.0,"near Denver, CO",non,2019.0,Non-Fatal
2019-08-27,Airbus,B-5958,Air China,0.0,Beijing-Capital International Airport (PEK),sub,2019.0,Non-Fatal
2019-08-27,Cessna,VT-AVV,Air Charter Services,0.0,Aligarh Airport,w/o,2019.0,Non-Fatal
2019-08-28,Cessna,D-ICEY,Lenox Handels und Speditions GmbH,0.0,Egelsbach Airfield (EDFE),sub,2019.0,Non-Fatal
2019-08-28,Antonov,RA-40389,private,0.0,"Selektsionny, Lgovsky district, Kursk region",sub,2019.0,Non-Fatal
2019-08-30,Antonov,RA-33061,private,2.0,Lake Syuryun-Kyuel area,w/o,2019.0,Fatal
2019-08-31,Cessna,N551WH,Star Jet LLC,0.0,"El Monte-San Gabriel Valley Airport, CA (EMT)",sub,2019.0,Non-Fatal
2019-09-01,Airbus,5A-LAU,Libyan Airlines,0.0,Tripoli-Mitiga International Airport (MJI),min,2019.0,Non-Fatal
2019-09-01,Beechcraft,RP-C2296,Lionair Inc.,9.0,"Pansol, Calamba, Laguna",w/o,2019.0,Fatal
2019-09-02,British Aerospace,XB-PTW,private,2.0,near Nueva Cajolá,w/o,2019.0,Fatal
2019-09-05,Cessna,OE-GES,Jet 24 GmbH,0.0,Milano-Malpensa Airport (MXP),sub,2019.0,Non-Fatal
2019-09-06,Airbus,N515NK,Spirit Airlines,0.0,"Fort Myers, Florida",non,2019.0,Non-Fatal
2019-09-07,ATR,HK-5041,"Regional Express Américas, opf Avianca",0.0,Manizales-La Nubia Airport (MZL),sub,2019.0,Non-Fatal
2019-09-09,Airbus,D-AKNL,Eurowings,0.0,near Berlin,non,2019.0,Non-Fatal
2019-09-11,Bombardier,N765SK,"Skywest Airlines, opf American Eagle",0.0,"Chicago-O'Hare International Airport, IL (ORD/KORD)",sub,2019.0,Non-Fatal
2019-09-11,Bombardier,N710SK,"Skywest Airlines, opf American Eagle",0.0,"Chicago-O'Hare International Airport, IL (ORD/KORD)",sub,2019.0,Non-Fatal
2019-09-11,British Aerospace,XB-SMV,private,0.0,"Chencoh, Hopelchén",unk,2019.0,Non-Fatal
2019-09-11,Cessna,D-FIDI,GoJump,1.0,near Gransee Airfield,w/o,2019.0,Fatal
2019-09-11,Convair,N24DR,Ferreteria e Implementos San Francisco,2.0,"1 km ENE of Toledo-Express Airport, OH (TOL)",w/o,2019.0,Fatal
2019-09-16,Cessna,PT-MHC,TwoFlex,0.0,"0,6 km W of Manaus-Eduardo Gomes International Airport, AM (MAO/SBEG)",w/o,2019.0,Non-Fatal
2019-09-18,Britten-Norman,V6-03FM,Caroline Islands Air,0.0,"Ta Island Airstrip, Caroline Islands",w/o,2019.0,Non-Fatal
2019-09-18,Viking,PK-CDC,"Rimbun Air, opb Carpediem Aviation",4.0,"10 km from Kampung Mamontoga, Hoeya District, Mimika Regency",w/o,2019.0,Fatal
2019-09-20,Cessna,N895SF,private,0.0,"Pepperell Airport, MA",sub,2019.0,Non-Fatal
2019-09-23,Britten-Norman,VP-MNI,FlyMontserrat,0.0,Montserrat-John A. Osborne Airport (MNI),sub,2019.0,Non-Fatal
2019-09-23,Cessna,5H-AAM,Auric Air,2.0,Seronera Airstrip (SEU),w/o,2019.0,Fatal
2019-09-24,Cessna,YVO134,Gobernación del Estado Bolívar,0.0,San Salvador de Paúl Airstrip,sub,2019.0,Non-Fatal
2019-09-24,Cessna,1917,Department of Royal Rainmaking and Agricultural Aviation,2.0,Village no.9 Lum Sum Sai Yok District Kanchanaburi Province,w/o,2019.0,Fatal
2019-09-30,Antonov,UR-CKL,Cavok Air,0.0,Liverpool International Airport (LPL),sub,2019.0,Non-Fatal
2019-09-30,Gulfstream,XB-PVO,private,0.0,"Blue Creek, Orange Walk",w/o,2019.0,Non-Fatal
2019-10-01,Boeing,A6-EBU,Emirates,0.0,near Batam Island,non,2019.0,Non-Fatal
2019-10-02,Boeing,N93012,The Collings Foundation,7.0,"Windsor Locks-Bradley International Airport, CT (BDL)",w/o,2019.0,Fatal
2019-10-04,Antonov,UR-CAH,Ukraine Air Alliance,5.0,"1,1 km SE of Lviv-Danylo Halytskyi International Airport (LWO)",sub,2019.0,Fatal
2019-10-07,Hawker,N86MN,Delta Private Jets,0.0,"Fort Myers-Southwest Florida International Airport, FL (RSW)",sub,2019.0,Non-Fatal
2019-10-07,Honda HA-420 HondaJet,N166HJ,Pro by Air,0.0,"Charleston International Airport, SC (CHS)",sub,2019.0,Non-Fatal
2019-10-10,Antonov,EK-72903,Air Force of the Democratic Republic of the Congo,8.0,near Kole,w/o,2019.0,Fatal
2019-10-11,de Havilland Canada DHC-6 Twin Otter 100,N166DH,Skydive Georgia,0.0,"Cedartown-Polk County Airport, GA",sub,2019.0,Non-Fatal
2019-10-11,Fokker,5Y-IZO,Silverstone Air Services,0.0,near Nairobi-Wilson Airport (WIL),w/o,2019.0,Non-Fatal
2019-10-12,Embraer,C6-KMC,Pineapple Air,0.0,Nassau-Lynden Pindling International Airport (NAS/MYNN),min,2019.0,Non-Fatal
2019-10-12,ATR,JA01JC,Japan Air Commuter,0.0,65 km north-northwest of Tanegashima Airport (TNE/RJFG),non,2019.0,Non-Fatal
2019-10-16,Bombardier,N307KP,Elite Air Inc,0.0,"Augusta-Bush Field, GA (AGS/KAGS)",non,2019.0,Non-Fatal
2019-10-17,Saab,N686PA,PenAir - Peninsula Airways,1.0,"Unalaska-Tom Madsen Airport, AK (DUT)",sub,2019.0,Fatal
2019-10-18,Airbus,15001,Royal Canadian Air Force - RCAF,0.0,"Trenton Canadian Forces Base, ON (YTR)",sub,2019.0,Non-Fatal
2019-10-18,Douglas,N437GB,Atlantic Air Cargo,0.0,"4,6 km NW off Nassau-Lynden Pindling International Airport (NAS)",unk,2019.0,Non-Fatal
2019-10-22,Canadair,N8837B,"Delta Connection, opb Endeavor Air",0.0,"near Atlanta Hartsfield-Jackson International Airport, GA (ATL)",sub,2019.0,Non-Fatal
2019-10-22,Basler,FAS116,Fuerza Aérea Salvadoreña,0.0,San Salvador/Ilopango International Airport (SAL),sub,2019.0,Non-Fatal
2019-10-25,Rockwell,N465BC,private,0.0,"Sipacate, Escuintla",w/o,2019.0,Non-Fatal
2019-10-26,de Havilland Canada DHC-3T/M601 Turbine Otter,C-GBTU,Blue Water Aviation Services,3.0,"Family Lake, Little Grand Rapids First Nation, MB",w/o,2019.0,Fatal
2019-10-26,Airbus,PK-GPE,Garuda Indonesia Airways,0.0,near Banda Aceh (BTJ),non,2019.0,Non-Fatal
2019-10-27,Gulfstream,(N530GA),private,0.0,"Vista Hermosa, Ixcán",w/o,2019.0,Non-Fatal
2019-10-27,Let,YI-BYO,Abeer Air Services,0.0,Kolnyang County,w/o,2019.0,Non-Fatal
2019-10-29,de Havilland Canada DHC-8-402Q Dash 8,N402QX,Horizon Air,0.0,"near Boise, ID",sub,2019.0,Non-Fatal
2019-10-31,Cessna,N926FE,"Corporate Air, opf FedEx",0.0,"Honolulu-Daniel K. Inouye International Airport, HI (HNL)",min,2019.0,Non-Fatal
2019-11-03,Boeing,N796AV,Avianca,0.0,near Barcelona,non,2019.0,Non-Fatal
2019-11-05,Learjet,XA-VBD,USMX AirLink,0.0,San Jose Cabo-Los Cabos Airport (SJD),sub,2019.0,Non-Fatal
2019-11-11,Boeing,TC-ACR,ACT Airlines,0.0,Istanbul-Atatürk Airport (ISL/LTBA),non,2019.0,Non-Fatal
2019-11-11,British Aerospace,(N237DX),private,0.0,Petén,w/o,2019.0,Non-Fatal
2019-11-11,Embraer,N619AE,"American Eagle, opb Envoy Air",0.0,"Chicago-O'Hare International Airport, IL (ORD/KORD)",sub,2019.0,Non-Fatal
2019-11-14,Cessna,PT-LTJ,José João Abdalla Filho,5.0,"Maraú-Barra Grande Airport, BA (SIRI)",w/o,2019.0,Fatal
2019-11-15,Cessna,N777HW,ETG Aviation LLC,0.0,"San Antonio International Airport, TX (SAT)",sub,2019.0,Non-Fatal
2019-11-15,Cessna,N973CG,Pilot Point Consultancy LLC,0.0,"San Antonio International Airport, TX (SAT)",sub,2019.0,Non-Fatal
2019-11-16,Airbus,V5-ANO,Air Namibia,0.0,Frankfurt International Airport (FRA/EDDF),min,2019.0,Non-Fatal
2019-11-16,Boeing,HL7204,Korean Air,0.0,Frankfurt International Airport (FRA/EDDF),sub,2019.0,Non-Fatal
2019-11-21,Boeing,TC-JGZ,THY Turkish Airlines,0.0,Odessa-Central Airport (ODS),sub,2019.0,Non-Fatal
2019-11-21,Gulfstream,TC-AEH,Tahe Havacilik,0.0,Odessa-Central Airport (ODS),sub,2019.0,Non-Fatal
2019-11-22,Boeing,YV3012,Avior Airlines,0.0,Bogotá-Eldorado Airport (BOG/SKBO),sub,2019.0,Non-Fatal
2019-11-23,Beechcraft,(XB-PYB),private,0.0,Saint-Jean du Sud,w/o,2019.0,Non-Fatal
2019-11-25,de Havilland Canada DHC-8-311 Dash 8,9J-PZB,Proflight Air Services,0.0,near Lusaka,sub,2019.0,Non-Fatal
2019-11-25,McDonnell Douglas,N975DL,Delta Air Lines,0.0,Atlanta Hartsfield - Jackson (ATL / KATL),sub,2019.0,Non-Fatal
2019-12-01,British Aerospace,N949CL,private,0.0,"near El Picudo, San Andrés",w/o,2019.0,Non-Fatal
2019-12-01,Beechcraft,C6-FER,Flamingo Air Charter,0.0,Black Point Airstrip (MYEB),sub,2019.0,Non-Fatal
2019-12-02,British Aerospace,false reg.,private,0.0,near San Andrés Villa Seca,w/o,2019.0,Non-Fatal
2019-12-03,British Aerospace,N469RJ,Business Jet Managers Inc,0.0,"Detroit-Coleman A. Young International Airport, MI (DET)",sub,2019.0,Non-Fatal
2019-12-03,Basler,C-FKAL,North Star Air,0.0,"0,5 km SW of Sachigo Lake Airport, ON (ZPB)",sub,2019.0,Non-Fatal
2019-12-06,British Aerospace,(N293WB),private,0.0,"0,4 km NW of Chan Chen, Corozal",w/o,2019.0,Non-Fatal
2019-12-09,Lockheed,990,Fuerza Aérea de Chile,38.0,520 km NW off King George Island,w/o,2019.0,Fatal
2019-12-09,Cessna,N4602B,Martinaire,1.0,"ca 11 km NE of Victoria Regional Airport, TX (VCT)",w/o,2019.0,Fatal
2019-12-10,de Havilland Canada DHC-8-402Q Dash 8,ET-AQC,Ethiopian Airlines,0.0,Juba Airport (JUB),sub,2019.0,Non-Fatal
2019-12-15,Airbus,VH-EBC,Qantas,0.0,"69 km south east Bathurst, NSW",non,2019.0,Non-Fatal
2019-12-15,Embraer,N648AE,"Piedmont Airlines, opf American Eagle",0.0,"Philadelphia, Pennsylvania",non,2019.0,Non-Fatal
2019-12-15,Grumman,(XB-BZH),private,0.0,Quiché,w/o,2019.0,Non-Fatal
2019-12-16,Embraer,N805AE,"Envoy Air, opf American Eagle",0.0,"Alexandria, Louisiana",non,2019.0,Non-Fatal
2019-12-16,Airbus,EC-LQO,Air Europa,0.0,near Madrid-Barajas Adolfo Suárez Airport (MAD/LEMD),non,2019.0,Non-Fatal
2019-12-17,Beechcraft,N160RW,Ritch Air LLC,0.0,"Visalia Airport, CA (VIS)",sub,2019.0,Non-Fatal
2019-12-18,Embraer,N959UW,American Airlines,0.0,"Disputanta, Virginia",non,2019.0,Non-Fatal
2019-12-18,Beechcraft,N72MM,WL Aviation LLC,0.0,"Fresno Yosemite International Airport, CA (FAT)",sub,2019.0,Non-Fatal
2019-12-18,Cessna,C-GOJG,C-GHGR Holdings,0.0,"near Scottsbluff, NE",sub,2019.0,Non-Fatal
2019-12-19,Boeing,N68802,United Airlines,0.0,"Chicago-O'Hare International Airport, IL (ORD/KORD)",non,2019.0,Non-Fatal
2019-12-19,Beechcraft,YV1104,Representaciones Aero3,9.0,near Charallave-Óscar Machado Zuloaga Airport,w/o,2019.0,Fatal
2019-12-21,Boeing,N7739A,Southwest Airlines,0.0,"near Kansas City International Airport, MO (MCI)",sub,2019.0,Non-Fatal
2019-12-22,Boeing,N87513,United Airlines,0.0,"Denver International Airport, CO (DEN/KDEN)",sub,2019.0,Non-Fatal
2019-12-24,Cessna,XA-TWN,Calafia Airlines,2.0,near Tastiota,w/o,2019.0,Fatal
2019-12-25,Airbus,B-50001,Tigerair Taiwan,0.0,100 km NNE of Miyazaki Airport,non,2019.0,Non-Fatal
2019-12-27,Cirrus,N52CV,private,0.0,"Santa Monica Airport, CA (SMO)",sub,2019.0,Non-Fatal
2019-12-27,Fokker,UP-F1007,Bek Air,12.0,near Almaty Airport (ALA),w/o,2019.0,Fatal
2019-12-28,Let,9S-GDX,Air Fast Congo,0.0,Kamina Airport (KMN),sub,2019.0,Non-Fatal
2019-12-29,Cessna,LV-FQD,Sunny Sky,0.0,"6 km from Otamendi, BA",sub,2019.0,Non-Fatal
2018-01-01,Airbus,G-EZII,Easyjet,0.0,80 nm NE of Barcelona Airport (LEBL),non,2018.0,Non-Fatal
2018-01-03,Airbus,G-DBCA,British Airways,0.0,near Verona Villafranca,non,2018.0,Non-Fatal
2018-01-05,Boeing,C-FPRP,Sunwing Airlines,0.0,"Toronto-Pearson International Airport, ON (YYZ)",sub,2018.0,Non-Fatal
2018-01-05,Boeing,C-FDMB,WestJet,0.0,"Toronto–Lester B. Pearson International Airport, Ontario (YYZ)",sub,2018.0,Non-Fatal
2018-01-06,Boeing,9K-AOC,Kuwait Airways,0.0,"New York-John F. Kennedy International Airport, NY (JFK/KJFK)",sub,2018.0,Non-Fatal
2018-01-06,Antonov,YV1944,Unknown,0.0,La Paragua Airport,w/o,2018.0,Non-Fatal
2018-01-09,Embraer,C6-MIC,Pineapple Air,0.0,Governor's Harbour Airport (GHB),sub,2018.0,Non-Fatal
2018-01-10,de Havilland Canada DHC-8-402Q Dash 8,SP-EQG,LOT Polskie Linie Lotnicze,0.0,Warszawa-Frédéric Chopin Airport (WAW/EPWA),sub,2018.0,Non-Fatal
2018-01-10,Gulfstream,RP-C280,Air Taxi PH,0.0,Legazpi-Bicol International Airport (LGP),sub,2018.0,Non-Fatal
2018-01-10,Fairchild,N561UP,Ameriflight,0.0,"Rock Springs-Sweetwater County Airport, WY (RKS)",sub,2018.0,Non-Fatal
2018-01-13,Boeing,TC-CPF,Pegasus Airlines,0.0,Trabzon Airport (TZX),sub,2018.0,Non-Fatal
2018-01-15,Airbus,5A-ONC,Afriqiyah Airways,0.0,Tripoli-Mitiga International Airport (MJI),sub,2018.0,Non-Fatal
2018-01-16,British Aerospace,S2-AAX,Bismillah Airlines,0.0,Jessore Airport (JSR),sub,2018.0,Non-Fatal
2018-01-17,IPTN/CASA CN-235M-100,98-148,Türk Hava Kuvvetleri (Turkish Air Force),3.0,"Hodulluca Mevkii, Yalvaç district",w/o,2018.0,Fatal
2018-01-18,Convair,XA-TRB,Air Tribe,0.0,"Brownsville-South Padre Island International Airport, TX (BRO)",sub,2018.0,Non-Fatal
2018-01-20,Let,UR-VTV,Galeyr Airline,0.0,Mogadishu Aden Adde International Airport (MGQ),sub,2018.0,Non-Fatal
2018-01-20,Embraer,5Y-CEI,"Delegation of the EU to Somalia, lsf AirTraffic Africa",0.0,Mogadishu Aden Adde International Airport (MGQ),unk,2018.0,Non-Fatal
2018-01-25,Gulfstream,5N-BTF,Nestoil,0.0,Abuja-Nnamdi Azikiwe International Airport (ABV/DNAA),sub,2018.0,Non-Fatal
2018-01-29,Shaanxi,30513,People's Liberation Army - Air Force - PLAAF,12.0,"Zhengchang, Suiyang County, Guizhou Province",w/o,2018.0,Fatal
2018-02-01,Airbus,VH-...,Qantas,0.0,"Sydney-Kingsford Smith International Airport, NSW (SYD/YSSY)",non,2018.0,Non-Fatal
2018-02-04,Raytheon,N570TM,"Travel Management, Inc",0.0,"Cleveland-Burke Lakefront Airport, OH (BKL)",sub,2018.0,Non-Fatal
2018-02-10,Boeing,EI-EKI,Ryanair,0.0,Canaries airspace,non,2018.0,Non-Fatal
2018-02-11,Antonov,RA-61704,Saratov Airlines,71.0,"near Stepanovskoye, Ramenskoye district",w/o,2018.0,Fatal
2018-02-13,Airbus,N858NW,Delta Air Lines,0.0,Lagos-Murtala Muhammed International Airport (LOS/DNMM),non,2018.0,Non-Fatal
2018-02-16,Fokker,EP-FQF,Qeshm Air,0.0,Mashhad Airport (MHD),sub,2018.0,Non-Fatal
2018-02-18,ATR,EP-ATS,Iran Aseman Airlines,66.0,15 km NE of Yasuj Airport (YES),w/o,2018.0,Fatal
2018-02-20,McDonnell Douglas,5N-SRI,Dana Air,0.0,Port Harcourt Airport (PHC),sub,2018.0,Non-Fatal
2018-02-21,Cessna,G-BZAH,Army Parachute Association,0.0,Netheravon Airport (EGDN),min,2018.0,Non-Fatal
2018-02-23,Beechcraft,C-GIAE,Island Express Air,0.0,"Abbotsford Airport, BC (YXX/CYXX)",sub,2018.0,Non-Fatal
2018-02-24,Airbus,N817NW,Delta Air Lines,0.0,"Minneapolis, Minnesota",non,2018.0,Non-Fatal
2018-02-26,Beechcraft,C-GJXF,Strait Air,0.0,"Havre-Saint-Pierre Airport, QC (YGV)",sub,2018.0,Non-Fatal
2018-02-28,Airbus,ES-SAN,SmartLynx Airlines Estonia,0.0,Tallinn-Lennart Meri Airport (TLL),sub,2018.0,Non-Fatal
2018-03-01,Beechcraft,YV1909,Unknown,0.0,Charallave-Óscar Machado Zuloaga Airport (SVCS),sub,2018.0,Non-Fatal
2018-03-04,Boeing,9S-ASG,Serve Air,0.0,Lubumbashi International Airport (FBM),sub,2018.0,Non-Fatal
2018-03-06,Antonov,RF-92955/52,Russian Air Force,39.0,"0,5 km from Latakia-Khmeimim Air Base (LTK)",w/o,2018.0,Fatal
2018-03-10,Learjet,N500MP,N500MP LLC,0.0,"Mount Pleasant Municipal Airport, MI (KMOP)",sub,2018.0,Non-Fatal
2018-03-11,Bombardier,TC-TRB,MC Aviation,11.0,130 km SW of Shahr-e Kurd,w/o,2018.0,Fatal
2018-03-12,de Havilland Canada DHC-8-402Q Dash 8,S2-AGU,US-Bangla Airlines,51.0,Kathmandu-Tribhuvan Airport (KTM),w/o,2018.0,Fatal
2018-03-14,Boeing,A6-EGU,Emirates,1.0,Entebbe Airport (EBB/HUEN),non,2018.0,Fatal
2018-03-15,Cessna,VH-PGA,West Coast Air Services,0.0,"Talbot Bay, WA",w/o,2018.0,Non-Fatal
2018-03-15,Beechcraft,YV3284 ?,Unknown,0.0,"near Blue Creek, Orange Walk Town",w/o,2018.0,Non-Fatal
2018-03-16,Beechcraft,N213AV,Ameriflight,0.0,"Hastings Airport, NE (HSI)",sub,2018.0,Non-Fatal
2018-03-17,Canadair,C-FDJA,"Air Canada Express, opb Jazz Aviation",0.0,"Montreal-Pierre Elliott Trudeau International Airport, QC (YUL)",sub,2018.0,Non-Fatal
2018-03-20,de Havilland Canada DHC-6 Twin Otter 300,N716JP,Bald Mountain Air Services,0.0,"225 km N of Deadhorse, AK",sub,2018.0,Non-Fatal
2018-03-21,Gulfstream,N90JE,Peyton Holdings LLC,0.0,"Miami, Florida",non,2018.0,Non-Fatal
2018-03-23,Boeing,OK-TVP,"SmartWings, opf Israir",0.0,Budapest Ferenc Liszt International Airport (BUD/LHBP),non,2018.0,Non-Fatal
2018-03-26,CASA,N107BH,Bighorn Airways,0.0,"Sheridan Airport, WY (SHR)",sub,2018.0,Non-Fatal
2018-03-26,CASA,N217BH,Bighorn Airways,0.0,"Sheridan Airport, WY (SHR)",unk,2018.0,Non-Fatal
2018-03-27,Airbus,G-EZMK,easyJet,0.0,Murcia-San Javier Airport (MJV),sub,2018.0,Non-Fatal
2018-03-28,Boeing,4X-EAK,El Al Israel Airlines,0.0,Tel Aviv-Ben Gurion International Airport (TLV/LLBG),sub,2018.0,Non-Fatal
2018-03-28,Boeing,D-ABLB,Germania,0.0,Tel Aviv-Ben Gurion International Airport (TLV/LLBG),sub,2018.0,Non-Fatal
2018-03-29,Beechcraft,N31TN,Lake Clark Air,0.0,"Pilot Point Airport, AK (PIP)",sub,2018.0,Non-Fatal
2018-03-29,ATR,XA-UAV,Aeromar,0.0,Mexico City-Benito Juárez International Airport (MEX),sub,2018.0,Non-Fatal
2018-03-29,ATR,XA-UYY,Aeromar,0.0,Mexico City-Benito Juárez International Airport (MEX),sub,2018.0,Non-Fatal
2018-03-29,Fairchild,CP-2459,Línea Aérea Amaszonas,0.0,Riberalta-Capitán Av. Selin Zeitun Lopez Airport (RIB),sub,2018.0,Non-Fatal
2018-03-30,Antonov,UR-KDM,Cavok Air,0.0,Gao Airport (GAQ),sub,2018.0,Non-Fatal
2018-03-30,Cessna,N126MT,2M Leasing LLC,0.0,"Orlando-Central Florida Regional Airport, FL (SFB)",sub,2018.0,Non-Fatal
2018-03-31,Cessna,N9339B,Skydive the Ranch,0.0,"near Gardiner Airport, NY",sub,2018.0,Non-Fatal
2018-04-04,Dassault,XA-CDT,Unknown,0.0,"Houston-William P. Hobby Airport, TX (HOU)",w/o,2018.0,Non-Fatal
2018-04-04,Learjet,N759SH,Henning Aviation LLC,0.0,"Houston-William P. Hobby Airport, TX (HOU)",w/o,2018.0,Non-Fatal
2018-04-04,Cessna,N900WL,MTC Enterprises LLC,0.0,"Houston-William P. Hobby Airport, TX (HOU)",w/o,2018.0,Non-Fatal
2018-04-04,Learjet,N626FX,Union Gas Air Ventures I LLC,0.0,"Houston-William P. Hobby Airport, TX (HOU)",w/o,2018.0,Non-Fatal
2018-04-04,Learjet,N618CW,ERG Holdings LLC,0.0,"Houston-William P. Hobby Airport, TX (HOU)",w/o,2018.0,Non-Fatal
2018-04-05,Antonov,UP-AN607,Mega Aircompany,0.0,Wau Airport (WUU),unk,2018.0,Non-Fatal
2018-04-09,Beechcraft,LN-NOA,Airwing,0.0,Stavanger-Sola Airport (SVG),sub,2018.0,Non-Fatal
2018-04-09,Boeing,HL7725,Korean Air,0.0,Osaka-Kansai International Airport (KIX),sub,2018.0,Non-Fatal
2018-04-11,Cessna,N814GV,"Hageland Aviation Services, opf Ravn Connect",0.0,"3,2 km N of Atqasuk Airport, AK (ATK)",sub,2018.0,Non-Fatal
2018-04-11,Ilyushin,7T-WIV,Al Quwwat al-Jawwiya al-Jaza'eriya,257.0,near Boufarik Air Base,w/o,2018.0,Fatal
2018-04-12,Cessna,5Y-SAV,Penial Air,0.0,"El Barde, Somalia - Wajir, Kenya",sub,2018.0,Non-Fatal
2018-04-13,Lockheed,158567,United States Navy,0.0,"near Omaha, NE",w/o,2018.0,Non-Fatal
2018-04-14,Antonov,EK-74036,Ayk Avia,0.0,Akola village,sub,2018.0,Non-Fatal
2018-04-15,Saab,C-GTWK,Transwest Air,0.0,"Prince Albert Airport, SK (YPA)",sub,2018.0,Non-Fatal
2018-04-15,de Havilland Canada DHC-6 Twin Otter 100,C-FSCA,Transwest Air,0.0,"Prince Albert Airport, SK (YPA)",sub,2018.0,Non-Fatal
2018-04-15,Bombardier,C-FXWT,Morningstar Partners Ltd.,0.0,"Winnipeg-James Armstrong Richardson International Airport, MB (YWG)",sub,2018.0,Non-Fatal
2018-04-15,Cessna,N4AT,Private,0.0,"Winnipeg-James Armstrong Richardson International Airport, MB (YWG)",sub,2018.0,Non-Fatal
2018-04-15,Cessna,N525P,private,1.0,"NW of Crozet, VA",w/o,2018.0,Fatal
2018-04-15,Airbus,B-6555,Air China,0.0,Zhengzhou-Xinzheng International Airport (CGO),non,2018.0,Non-Fatal
2018-04-16,Cessna,D-ISWA,Herbert Waldmann Lichttechnik GmbH & Co. KG,0.0,Le Touquet Airport (LTQ),sub,2018.0,Non-Fatal
2018-04-17,de Havilland Canada DHC-8-402Q Dash 8,G-JECX,Flybe,0.0,Newquay-Cornwall Airport (NQY),sub,2018.0,Non-Fatal
2018-04-17,Boeing,N772SW,Southwest Airlines,1.0,"105 km NW of Philadelphia, PA",sub,2018.0,Fatal
2018-04-18,Airbus,N806NW,Delta Air Lines,0.0,"Atlanta Hartsfield-Jackson International Airport, GA (ATL/KATL)",sub,2018.0,Non-Fatal
2018-04-20,McDonnell Douglas,N807WA,World Atlantic Airlines,0.0,"Alexandria International Airport, LA (AEX)",sub,2018.0,Non-Fatal
2018-04-23,Antonov,HA-MBJ,SZEMP Air Kft.,0.0,Eperjes area,sub,2018.0,Non-Fatal
2018-04-29,Beechcraft,N172GA,Alpine Aviation,0.0,"Sioux Falls Regional Airport (Jo Foss Field), SD (FSD)",sub,2018.0,Non-Fatal
2018-04-29,Lockheed,111,Libyan Air Force,3.0,2 km from Sharara Airstrip,w/o,2018.0,Fatal
2018-04-29,Boeing,PK-LOO,Lion Air,0.0,Gorontalo-Jalaluddin Airport (GTO),sub,2018.0,Non-Fatal
2018-04-30,Boeing,EI-GDZ,Ryanair,0.0,London-Stansted Airport (STN),sub,2018.0,Non-Fatal
2018-05-01,Boeing,N172DN,Delta Air Lines,0.0,"New York-John F. Kennedy International Airport, NY (JFK)",min,2018.0,Non-Fatal
2018-05-01,Bombardier,N606LR,"Delta Connection, opb Endeavor Air",0.0,"New York-John F. Kennedy International Airport, NY (JFK)",sub,2018.0,Non-Fatal
2018-05-02,Boeing,OO-JAY,TUI fly Belgium,0.0,Marrakech-Menara Airport (RAK),sub,2018.0,Non-Fatal
2018-05-02,Beechcraft,PNC0203,Servicio Aéreo de Policia,4.0,near Ibagué,w/o,2018.0,Fatal
2018-05-02,Lockheed,65-0968,United States Air Force - USAF,9.0,"ca 2 km NE of Savannah/Hilton Head International Airport, GA (SAV)",w/o,2018.0,Fatal
2018-05-03,Dassault,ZS-DEX,Blueport Trade 121 (Pty) Ltd.,0.0,Johannesburg/Germiston-Rand Airport (QRA),sub,2018.0,Non-Fatal
2018-05-04,Cessna,EC-MOQ,Aluminios Cortizo,0.0,Santiago de Compostela Airport (SCQ),sub,2018.0,Non-Fatal
2018-05-05,Embraer,PT-ZNF,Embraer,0.0,"Gavião Peixoto-Embraer Unidade Airport, SP (SBGP)",sub,2018.0,Non-Fatal
2018-05-07,Boeing,N8655D,Southwest Airlines,0.0,"Baltimore/Washington International Thurgood Marshall Airport, MD (BWI)",sub,2018.0,Non-Fatal
2018-05-12,Boeing,P2-PXE,Air Niugini,0.0,Port Moresby-Jacksons International Airport (POM),sub,2018.0,Non-Fatal
2018-05-12,Lockheed,N403LC,"Lynden Air Cargo, opf PNG Air",0.0,Port Moresby-Jacksons International Airport (POM),sub,2018.0,Non-Fatal
2018-05-13,Cessna,G-KNYS,"Irish Parachute Club, lsf Parachuting Caravan Leasing",2.0,"4,6 km NW of Clonbullogue Aerodrome",w/o,2018.0,Fatal
2018-05-13,Airbus,HL7792,Asiana Airlines,0.0,Istanbul-Atatürk International Airport (IST),sub,2018.0,Non-Fatal
2018-05-13,Airbus,TC-JMM,THY Turkish Airlines,0.0,Istanbul-Atatürk International Airport (IST),sub,2018.0,Non-Fatal
2018-05-16,Cessna,9N-AJU,Makalu Air,2.0,Bahun Khark,w/o,2018.0,Fatal
2018-05-18,Boeing,XA-UHZ,"Cubana de Aviación, lsf Global Air",112.0,1 km E of Havana-José Martí International Airport (HAV/MUHA),w/o,2018.0,Fatal
2018-05-20,Gulfstream,B-8129,Star Jet,0.0,Yangzhou Taizhou International Airport (YTY),sub,2018.0,Non-Fatal
2018-05-21,Airbus,TC-OCH,"Saudi Arabian Airlines, lsf Onur Air",0.0,Jeddah-King Abdulaziz International Airport (JED),sub,2018.0,Non-Fatal
2018-05-22,Gulfstream,N813WM,Silver Air,0.0,Tegucigalpa-Toncontin Airport (TGU),w/o,2018.0,Non-Fatal
2018-05-22,Cessna,PT-FLW,Amazonaves Táxi Aéreo,0.0,"near Manaus-Aeroclube de Flores Airport, AM",w/o,2018.0,Non-Fatal
2018-05-23,Beechcraft,N800HA,Titan Drilling,0.0,Kolwezi Airport (KWZ),sub,2018.0,Non-Fatal
2018-05-23,Beechcraft,N905GP,Air Katanga,0.0,Kolwezi Airport (KWZ),min,2018.0,Non-Fatal
2018-05-24,Fairchild,XA-UPP,Aeronaves TSM,0.0,Saltillo-Plan de Guadalupe International Airport (SLW),sub,2018.0,Non-Fatal
2018-05-30,Cessna,5Y-ETY,Asure Air,0.0,4 km from Obo-Mission Airstrip,sub,2018.0,Non-Fatal
2018-05-30,Cessna,5X-MRH,"Air Serv Limited, opf UNHAS",0.0,Kamonia Airstrip,sub,2018.0,Non-Fatal
2018-06-03,Lockheed,7T-WHT,Al Quwwat al-Jawwiya al-Jaza'eriya,1.0,near Biskra Airport (BSK),w/o,2018.0,Fatal
2018-06-05,Cessna,5Y-CAC,Fly-SAX,10.0,14 km NE of Njabini,w/o,2018.0,Fatal
2018-06-06,Antonov,YR-DAX,Aeroserv,0.0,"Baleni, Galati County",w/o,2018.0,Non-Fatal
2018-06-06,Cessna,D-IULI,ProAir,0.0,Saint Tropez-La Môle Airport (LTT),sub,2018.0,Non-Fatal
2018-06-09,de Havilland Canada DHC-6 Twin Otter 300,9N-AEV,Tara Air,0.0,Jumla Airport (JUM),sub,2018.0,Non-Fatal
2018-06-10,Boeing,N750AN,American Airlines,0.0,"Decatur, Texas",non,2018.0,Non-Fatal
2018-06-10,Boeing,N276EA,"Swiftair, opf Smartwings",0.0,Heraklion-N. Kazantzakis Airport (HER/LGIR),sub,2018.0,Non-Fatal
2018-06-10,Boeing,N826AN,American Airlines,0.0,near Harbin,non,2018.0,Non-Fatal
2018-06-10,de Havilland Canada DHC-8-402Q Dash 8,C-FNEN,WestJet Encore,0.0,"SE of Kamloops, BC",non,2018.0,Non-Fatal
2018-06-10,Gulfstream,N450MB,private,0.0,Panama City Albrook-Marcos A. Gelabert International Airport (PAC),sub,2018.0,Non-Fatal
2018-06-11,Pilatus,VP-FBM,Falkland Islands Government Air Service - FIGAS,0.0,Beaver Island Airstrip,sub,2018.0,Non-Fatal
2018-06-11,Airbus,D-AIFA,Lufthansa,0.0,Frankfurt International Airport (FRA/EDDF),sub,2018.0,Non-Fatal
2018-06-12,Boeing,N8693A,Southwest Airlines,0.0,"Phoenix, Arizona",non,2018.0,Non-Fatal
2018-06-14,McDonnell Douglas,UR-CPR,Bravo Airways,0.0,Kyiv-Igor Sikorsky International Airport (IEV),sub,2018.0,Non-Fatal
2018-06-14,de Havilland Canada DHC-8-202Q Dash 8,P2-ANX,LinkPNG,0.0,Mendi Airport (MDU),w/o,2018.0,Non-Fatal
2018-06-16,Embraer,N637CZ,"Delta Connection, opb Compass Airlines",0.0,"Cut Bank, Montana",non,2018.0,Non-Fatal
2018-06-18,Cessna,PK-FSL,Spirit Avia Sentosa,0.0,"6,7 km E of Nabire Airport (NBX)",sub,2018.0,Non-Fatal
2018-06-21,Embraer,N876RW,"Delta Connection, opb Republic Airlines",0.0,"Columbus-John Glenn International Airport, OH (CMH)",sub,2018.0,Non-Fatal
2018-06-22,Boeing,LN-DYE,Norwegian,0.0,Alta Airport (ALF/ENAT),non,2018.0,Non-Fatal
2018-06-22,de Havilland Canada DHC-6 Twin Otter 300,PK-HVU,Dimonim Air,0.0,Kenyam Airstrip,min,2018.0,Non-Fatal
2018-06-24,Boeing,JA8944,Japan Airlines (JAL),0.0,over Kurihara City,non,2018.0,Non-Fatal
2018-06-24,Let,3X-AAK,Eagle Air (Guinea),4.0,"Souguéta, Kindia",w/o,2018.0,Fatal
2018-06-25,de Havilland Canada DHC-6 Twin Otter 300,PK-YRU,Trigana Air Service,0.0,Kenyam Airstrip,min,2018.0,Non-Fatal
2018-06-26,Learjet,N57,Federal Aviation Administration - FAA,0.0,"Salt Lake City International Airport, UT (SLC)",sub,2018.0,Non-Fatal
2018-06-26,Airbus,HL8286,Asiana Airlines,0.0,Seoul-Gimpo (Kimpo) International Airport (SEL),min,2018.0,Non-Fatal
2018-06-26,Boeing,HL7764,Korean Air,0.0,Seoul-Gimpo (Kimpo) International Airport (SEL),sub,2018.0,Non-Fatal
2018-06-27,Antonov,RA-62524,Feniks,0.0,"Nizhneudinsk, Irkutsk region",sub,2018.0,Non-Fatal
2018-06-30,Airbus,N278AY,American Airlines,0.0,"120 nm NE of Gander, NL",non,2018.0,Non-Fatal
2018-06-30,IRMA/Pilatus Britten-Norman BN-2A-26 Islander,V3-HFB,Maya Island Air,0.0,San Pedro Airport (SPR),sub,2018.0,Non-Fatal
2018-07-04,Cessna,N208EE,Air Choice One,0.0,"Chicago-O'Hare International Airport, IL (ORD/KORD)",sub,2018.0,Non-Fatal
2018-07-05,Dornier,VH-VJN,GAM - General Aviation Maintenance,0.0,"Thangool Airport, QLD (THG)",sub,2018.0,Non-Fatal
2018-07-05,Cessna,5Y-BUC,Flex Air Charters,0.0,"1,2 km from Padek Airstrip",sub,2018.0,Non-Fatal
2018-07-06,ATR,CS-DJG,"TAP Express, opb White Airways",0.0,Fez-Sais Airport (FEZ),sub,2018.0,Non-Fatal
2018-07-09,ATR,CN-COH,RAM Express,0.0,"2,6 km N off Al Hoceima-Charif Al Idrissi Airport (AHU)",sub,2018.0,Non-Fatal
2018-07-09,de Havilland Canada DHC-3T Texas Turbine Otter,C-GBQC,Ookpik Aviation,0.0,"Parker Lake, NU",sub,2018.0,Non-Fatal
2018-07-10,de Havilland Canada DHC-3T Vazar Turbine Otter,N3952B,Taquan Air,0.0,"Mount Jumbo, Prince of Wales Island, AK",sub,2018.0,Non-Fatal
2018-07-10,Convair,ZS-BRV,Rovos Air,1.0,6 km ESE of Pretoria-Wonderboom Airport (PRY),w/o,2018.0,Fatal
2018-07-11,Douglas,HK-3293,Air Colombia,0.0,San Felipe Airport,sub,2018.0,Non-Fatal
2018-07-16,Boeing,PR-GGD,Gol Linhas Aéreas,0.0,"Belo Horizonte-Tancredo Neves International Airport, MG (CNF)",sub,2018.0,Non-Fatal
2018-07-16,Boeing,LV-HQY,Flybondi,0.0,"Cataratas del Iguazú-M.C.E. Krause Airport, MI (IGR)",sub,2018.0,Non-Fatal
2018-07-16,Curtiss C-46F-1-CU Commando,N1822M,Everts Air Fuel,0.0,"Manley Hot Springs Airport, AK (MLY)",sub,2018.0,Non-Fatal
2018-07-20,Boeing,C-FJZK,Air Canada Rouge,0.0,"140 nm SSE of Lovelock, NV",non,2018.0,Non-Fatal
2018-07-20,Antonov,UP-AN611,Kazairtrans Airline,0.0,50 km from Al Alamain,w/o,2018.0,Non-Fatal
2018-07-21,Douglas,N47HL,"Commemorative Air Force, Highland Lakes Squadron",0.0,"Burnet Municipal Kate Craddock Field, TX",w/o,2018.0,Non-Fatal
2018-07-22,Cessna,N752TX,Textron Inc.,0.0,Cork Airport (ORK/EICK),sub,2018.0,Non-Fatal
2018-07-23,McDonnell Douglas,N918DE,Delta Air Lines,0.0,"Charlotte-Douglas International Airport, NC (CLT/KCLT)",non,2018.0,Non-Fatal
2018-07-23,Airbus,N328NB,Delta Air Lines,0.0,"West Palm Beach, Florida",non,2018.0,Non-Fatal
2018-07-23,Cessna,N866VP,OzAir Charter Service,0.0,"near Tulsa International Airport, OK (TUL)",sub,2018.0,Non-Fatal
2018-07-26,Boeing,UP-B5705,"Sunday Airlines, opf SCAT Airlines",0.0,Almaty Airport (ALA/UAAA),sub,2018.0,Non-Fatal
2018-07-27,Boeing,N641GT,Atlas Air,0.0,"Portsmouth International Airport at Pease, NH (PSM)",sub,2018.0,Non-Fatal
2018-07-27,Antonov,9S-GFS,Air Kasai,5.0,3 km E of Kamako Airstrip,w/o,2018.0,Fatal
2018-07-28,IRMA/Britten-Norman BN-2A-27 Islander,YJ-AL2,Air Taxi Vanuatu,0.0,Port Vila-Bauerfield Airport (VLI),sub,2018.0,Non-Fatal
2018-07-28,Britten-Norman,YJ-OO9,Unity Airlines,0.0,Port Vila-Bauerfield Airport (VLI),w/o,2018.0,Non-Fatal
2018-07-28,ATR,YJ-AV71,Air Vanuatu,0.0,Port Vila-Bauerfield Airport (VLI),sub,2018.0,Non-Fatal
2018-07-30,Antonov,RA-40649,private,0.0,"Evenki district, Krasnoyarsk Krai",sub,2018.0,Non-Fatal
2018-07-31,Boeing,N192AN,American Airlines,0.0,"Philadelphia International Airport, PA (PHL/KPHL)",sub,2018.0,Non-Fatal
2018-07-31,Embraer,XA-GAL,Aeroméxico Connect,0.0,Durango-Guadalupe Victoria Airport (DGO),w/o,2018.0,Non-Fatal
2018-08-01,Beechcraft,N557AP,Atlantic Transportation of Wilmington LLC,0.0,"near Wilmington-New Hanover County International Airport, NC (ILM)",sub,2018.0,Non-Fatal
2018-08-03,Shijiazhuang,B-50AA,Heilongjiang Kunpeng General Aviation Co.,0.0,32 km E of Tongjiang,sub,2018.0,Non-Fatal
2018-08-04,Junkers Ju-52/3mg4e,HB-HOT,Ju-Air,20.0,"1,2 km SW of Piz Segnas",w/o,2018.0,Fatal
2018-08-06,Airbus,PT-MXA,LATAM Airlines Brasil,0.0,"Choró, CE",non,2018.0,Non-Fatal
2018-08-07,Dassault,N961AA,Alliance Air Charter,0.0,ca 3 km from San Luis Potosí Airport (SLP),sub,2018.0,Non-Fatal
2018-08-07,Cessna,VT-UDN,Supreme Airlines,0.0,Lalgarh Airport,sub,2018.0,Non-Fatal
2018-08-09,Boeing,TC-JJZ,THY Turkish Airlines,0.0,Istanbul-Atatürk International Airport (IST),sub,2018.0,Non-Fatal
2018-08-09,Boeing,CN-RGT,Royal Air Maroc - RAM,0.0,Istanbul-Atatürk International Airport (IST),sub,2018.0,Non-Fatal
2018-08-10,de Havilland Canada DHC-8-402Q Dash 8,N449QX,"Horizon Air, opf Alaska Airlines",1.0,"Ketron Island, WA",w/o,2018.0,Fatal
2018-08-13,Airbus,N204HA,Hawaiian Airlines,0.0,"Los Angeles International Airport, CA (LAX)",sub,2018.0,Non-Fatal
2018-08-13,Cessna,N526CP,Vancon Holdings,1.0,"Payson, UT",w/o,2018.0,Fatal
2018-08-15,Boeing,B-KPY,Cathay Pacific Airways,0.0,Roma-Fiumicino Airport (FCO),sub,2018.0,Non-Fatal
2018-08-16,Boeing,B-5498,Xiamen Airlines,0.0,Manila-Ninoy Aquino International Airport (MNL),sub,2018.0,Non-Fatal
2018-08-19,de Havilland Canada DHC-8-402Q Dash 8,N404AV,LC Perú,0.0,Lima-Jorge Chávez International Airport (LIM),sub,2018.0,Non-Fatal
2018-08-19,Antonov,D-FOJB,Ostthüringer Fallschirmsportclub - OFC,0.0,Gera-Leumnitz Airfield (EDAJ),sub,2018.0,Non-Fatal
2018-08-24,Boeing,EI-LBT,Aer Lingus,0.0,"Philadelphia International Airport, PA (PHL/KPHL)",non,2018.0,Non-Fatal
2018-08-25,Grumman,N1955G,Stargazer Aero,0.0,"680 km WNW off Cape Hatteras, NC",w/o,2018.0,Non-Fatal
2018-08-26,Harbin,HK-5036,SATENA,0.0,Santafé del Caguán,sub,2018.0,Non-Fatal
2018-08-26,Boeing,C-FMWV,Air Canada Rouge,0.0,"31 km N of Vancouver International Airport, BC (YVR)",sub,2018.0,Non-Fatal
2018-08-26,Cessna,5Y-BOP,Bush Air Safaris,0.0,Pieri Airstrip,sub,2018.0,Non-Fatal
2018-08-27,Airbus,JA14VA,Vanilla Air,0.0,45 KM East of Miyazaki Airport,non,2018.0,Non-Fatal
2018-08-28,Antonov,LZ-1409,Air Mizia,0.0,near Brusartsi,sub,2018.0,Non-Fatal
2018-08-28,Airbus,B-6952,Beijing Capital Airlines,0.0,Macau Airport (MFM),sub,2018.0,Non-Fatal
2018-08-30,de Havilland Canada DHC-6 Twin Otter 300,ET-AIU/808,Ethiopian Air Force,18.0,near Mojo,w/o,2018.0,Fatal
2018-08-31,Cessna,TC-OYD,Boydak Air,0.0,Bourgas Airport (BOJ),sub,2018.0,Non-Fatal
2018-09-01,Boeing,VQ-BJI,Utair,0.0,Adler/Sochi Airport (AER),w/o,2018.0,Non-Fatal
2018-09-03,Beechcraft,N97WC,West Coast Aviation Services,0.0,"Burbank-Bob Hope Airport, CA (BUR)",sub,2018.0,Non-Fatal
2018-09-06,Boeing,N173AN,American Airlines,0.0,"near New York, NY",non,2018.0,Non-Fatal
2018-09-06,Beechcraft,PT-LJN,VOAR Aviação,0.0,"Itapaci, GO",sub,2018.0,Non-Fatal
2018-09-09,Let,UR-TWO,"South West Aviation, lsf Slav-Air",20.0,"1,6 km W of Yirol Airstrip",w/o,2018.0,Fatal
2018-09-10,Boeing,N950NN,American Airlines,0.0,"Phoenix-Sky Harbor International Airport, AZ (PHX/KPHX)",non,2018.0,Non-Fatal
2018-09-15,Boeing,C-FNNW,Air Canada,0.0,NE of Nova Scotia,non,2018.0,Non-Fatal
2018-09-15,Canadair,C-FOFI,Government of Newfoundland and Labrador,0.0,"Whitehead Pond, NL",sub,2018.0,Non-Fatal
2018-09-16,Boeing,F-GSQL,Air France,0.0,Mauritius-Sir Seewoosagur Ramgoolam International Airport (MRU/FIMP),non,2018.0,Non-Fatal
2018-09-16,Boeing,TC-ACM,"Saudi Arabian Airlines, lsf ACT Airlines",0.0,Frankfurt International Airport (FRA/EDDF),sub,2018.0,Non-Fatal
2018-09-17,Ilyushin,RF-93610,Russian Air Force,15.0,35 km W off Latakia-Khmeimim Air Base (LTK),w/o,2018.0,Fatal
2018-09-17,Airbus,HS-ABI,Thai AirAsia,0.0,Bangkok-Don Muang International Airport (DMK/VTBD),sub,2018.0,Non-Fatal
2018-09-18,Antonov,YU-BRK,STS Aviatsija,0.0,near Jagodina,sub,2018.0,Non-Fatal
2018-09-18,British Aerospace,N109BG,Starjet Inc.,0.0,"Santa Fe Airport, NM (SAF)",sub,2018.0,Non-Fatal
2018-09-20,Embraer,N233SW,Berry Aviation,0.0,"south of Lake Jackson, TX",sub,2018.0,Non-Fatal
2018-09-23,Boeing,N13113,United Airlines,0.0,"Newark Liberty International Airport, NJ (ERW/KEWR)",non,2018.0,Non-Fatal
2018-09-24,Honda HA-420 HondaJet,PR-TLZ,América Latina Tecnologia Agrícola - ALTA,0.0,"Foz do Iguaçu/Cataratas Airport, PR (IGU/SBFI)",sub,2018.0,Non-Fatal
2018-09-24,Airbus,RP-C3435,Philippine Air Lines,0.0,"Vancouver International Airport, BC (YVR/CYVR)",sub,2018.0,Non-Fatal
2018-09-25,Beechcraft,N241CK,Kalitta Charters,1.0,"6,4 km SW of Oscoda Wurtsmith Airport, MI",w/o,2018.0,Fatal
2018-09-26,Airbus,N994AN,American Airlines,0.0,"Dallas/Fort Worth International Airport, TX (DFW/KDFW)",non,2018.0,Non-Fatal
2018-09-27,Airbus,C-GFAT,Air Transat,0.0,over North Atlantic Ocean,non,2018.0,Non-Fatal
2018-09-27,Cessna,VH-FAY,CGG Aviation Australia,1.0,"120 km E off Sendai, Japan",w/o,2018.0,Fatal
2018-09-27,Dassault,N114TD,Air America Flight Services,2.0,"Greenville Downtown Airport, SC (GMU)",sub,2018.0,Fatal
2018-09-28,Airbus,PT-MZJ,LATAM Airlines Brasil,0.0,"São Paulo-Congonhas Airport, SP (CGH)",sub,2018.0,Non-Fatal
2018-09-28,Boeing,P2-PXE,Air Niugini,1.0,"0,5 km from Chuuk/Weno International Airport (TKK)",sub,2018.0,Fatal
2018-10-01,Antonov,YV1719,Inversiones Moraima,0.0,42 km SE of Uriman,sub,2018.0,Non-Fatal
2018-10-03,Beechcraft,N575Q,"Ravn Connect, opb Frontier Flying Service",0.0,"Gambell Airport, AK (GAM)",sub,2018.0,Non-Fatal
2018-10-03,Antonov,7706,Al Quwwat al-Jawwiya As-Sudaniya (Sudanese Air Force),0.0,Khartoum Airport (KRT),w/o,2018.0,Non-Fatal
2018-10-03,Antonov,7721,Al Quwwat al-Jawwiya As-Sudaniya (Sudanese Air Force),0.0,Khartoum Airport (KRT),w/o,2018.0,Non-Fatal
2018-10-08,Boeing,HS-TGF,Thai Airways International,0.0,Bangkok-Suvarnabhumi International Airport (BKK/VTBS),sub,2018.0,Non-Fatal
2018-10-09,Boeing,N287WN,Southwest Airlines,0.0,"Nashville International Airport, TN (BNA/KBNA)",non,2018.0,Non-Fatal
2018-10-10,Cessna,PK-JBR,Jhonlin Air Transport,0.0,Beoga Airstrip,sub,2018.0,Non-Fatal
2018-10-10,Sukhoi Superjet 100-95B,RA-89011,Yakutia Airlines,0.0,Yakutsk Airport (YKS),sub,2018.0,Non-Fatal
2018-10-11,Boeing,N734SA,Southwest Airlines,0.0,"San Jose, California",non,2018.0,Non-Fatal
2018-10-12,Airbus,N926FR,Frontier Airlines,0.0,"Denver International Airport, CO (DEN/KDEN)",non,2018.0,Non-Fatal
2018-10-12,ATR,5N-BPE,Overland Airways,0.0,Lagos-Murtala Muhammed International Airport (LOS),w/o,2018.0,Non-Fatal
2018-10-12,Boeing,VT-AYD,Air India Express,0.0,Tiruchirappalli-Civil Airport (TRZ),sub,2018.0,Non-Fatal
2018-10-15,Boeing,N7816B,Southwest Airlines,0.0,"Albany, New York",non,2018.0,Non-Fatal
2018-10-15,Boeing,VT-ALN,Air India,0.0,Mumbai-Chhatrapati Shivaji International Airport (BOM/VABB),non,2018.0,Non-Fatal
2018-10-29,Boeing,PK-LQP,Lion Air,189.0,15 km N off Tanjung Bungin,w/o,2018.0,Fatal
2018-10-31,Airbus,N817NW,Delta Air Lines,0.0,Paris-Charles de Gaulle Airport (CDG),sub,2018.0,Non-Fatal
2018-10-31,Airbus,F-GZCI,Air France,0.0,Paris-Charles de Gaulle Airport (CDG),sub,2018.0,Non-Fatal
2018-11-07,Boeing,N908AR,Sky Lease Cargo,0.0,"Halifax-Stanfield International Airport, NS (YHZ/CYHZ)",sub,2018.0,Non-Fatal
2018-11-08,Antonov,RA-84674,2nd Arkhangelsk United Aviation Division,0.0,50 km NE of Arkhangelsk-Talaghy Airport (ARH),w/o,2018.0,Non-Fatal
2018-11-09,Lockheed,4180,Pakistan Air Force,0.0,Chaklala-PAF Base Nur Khan (RWP),w/o,2018.0,Non-Fatal
2018-11-09,Boeing,N524AT,Fly Jamaica Airways,1.0,Georgetown-Cheddi Jagan International Airport (GEO),sub,2018.0,Fatal
2018-11-11,Embraer,P4-KCJ,Air Astana,0.0,NE of Lisbon,sub,2018.0,Non-Fatal
2018-11-12,Hawker,N406J,Songbird Aviation LLC,0.0,"Winder-Barrow County Airport, GA (WDR)",sub,2018.0,Non-Fatal
2018-11-15,de Havilland Canada DHC-8-315Q Dash 8,C-FPAE,PAL Airlines,0.0,"Stephenville International Airport, NL (YJT)",sub,2018.0,Non-Fatal
2018-11-16,British Aerospace,HK-4394,SARPA - Servicios Aéreos Panamericanos,0.0,Bahía Solano-José Celestino Mutis Airport (BSC),sub,2018.0,Non-Fatal
2018-11-21,Fairchild,C-FYAG,Perimeter Aviation,0.0,"Deer Lake Airport, ON (YVZ)",sub,2018.0,Non-Fatal
2018-11-22,Boeing,OB-2041-P,Peruvian Airlines,0.0,La Paz-El Alto Airport (LPB),sub,2018.0,Non-Fatal
2018-11-24,ATR,AP-BKW,Pakistan International Airlines - PIA,0.0,Karachi-Jinnah International Airport (KHI),sub,2018.0,Non-Fatal
2018-11-26,Cessna,PP-OEG,ARG Ltda.,4.0,"near Jequitaí-Fazenda Fortaleza de Santa Terezinha Airport, MG",w/o,2018.0,Fatal
2018-11-30,Cessna,N941JM,"Dirt Dynamics, Inc.",0.0,"Fargo-Hector International Airport, ND (FAR)",sub,2018.0,Non-Fatal
2018-11-30,Cessna,N525EG,Estoair LLC,3.0,"4 km WSW of Memphis, IN",w/o,2018.0,Fatal
2018-12-01,Airbus,N632NK,Spirit Airlines,0.0,"near Las Vegas, NV",non,2018.0,Non-Fatal
2018-12-01,Bombardier,N202PS,PSA Airlines,0.0,"New York-La Guardia Airport, NY (LGA)",sub,2018.0,Non-Fatal
2018-12-03,Hawker,4X-CUZ,Arrow Aviation Ltd.,0.0,Tel Aviv-Ben Gurion International Airport (TLV/LLBG),sub,2018.0,Non-Fatal
2018-12-03,Boeing,N868NN,American Airlines,0.0,"Chicago-O'Hare International Airport, IL (ORD/KORD)",non,2018.0,Non-Fatal
2018-12-04,Boeing,N193DN,Delta Air Lines,0.0,"SUNNS intersection, Osaka",non,2018.0,Non-Fatal
2018-12-04,Airbus,SX-EMY,Ellinair,0.0,Athens-Elefthérios Venizélos International Airport (ATH/LGAV),sub,2018.0,Non-Fatal
2018-12-06,Lockheed,167981,United States Marine Corps,5.0,"100 km SSE off Muroto Cape, Japan",w/o,2018.0,Fatal
2018-12-08,Airbus,HS-TXQ,Thai Smile,0.0,near Bangkok-Suvarnabhumi International Airport (BKK/VTBS),non,2018.0,Non-Fatal
2018-12-08,Beechcraft,VH-ODI,Desert-Air Safaris,0.0,"Mount Gambier Airport, SA (MGB)",sub,2018.0,Non-Fatal
2018-12-08,Pilatus,VH-OBL,Par-Avion,1.0,"101 km WSW of Hobart, TAS",w/o,2018.0,Fatal
2018-12-10,Airbus,XA-MRC,AeroUnion - Aerotransporte de Carga Union,0.0,Mexico City-Benito Juárez International Airport (MEX),sub,2018.0,Non-Fatal
2018-12-11,Boeing,C-FITW,Air Canada,0.0,Hong Kong-Chek Lap Kok International Airport (HKG/VHHH),sub,2018.0,Non-Fatal
2018-12-15,Learjet,N55FN,Med Air LLC,0.0,"Key West International Airport, FL (EYW)",sub,2018.0,Non-Fatal
2018-12-18,Boeing,ET-AUP,Ethiopian Airlines,0.0,Oslo-Gardermoen Airport (OSL),sub,2018.0,Non-Fatal
2018-12-18,Dornier,S9-AUN,Africa's Connection STP,0.0,São Tomé Island Airport (TMS/FPST),sub,2018.0,Non-Fatal
2018-12-20,Antonov,9S-AGB,Gomair,7.0,ca 37 km from Kinshasa-N'Djili Airport (FIH),w/o,2018.0,Fatal
2018-12-20,Cessna,N188CW,Chen Aircrafts LLC,4.0,"2 km NE of Atlanta-Fulton County Airport, GA (FTY)",w/o,2018.0,Fatal
2018-12-22,PZL-Mielec M28 Skytruck,GNB-96107,Guardia Nacional Bolivariana de Venezuela - GNBV,0.0,Kamarata Airport (KTV),sub,2018.0,Non-Fatal
2018-12-24,Antonov,9T-TAB,Air Force of the Democratic Republic of the Congo,0.0,Beni Airport (BNC),w/o,2018.0,Non-Fatal
2018-12-31,Boeing,N938UW,American Airlines,0.0,"Charlotte-Douglas International Airport, NC (CLT/KCLT)",sub,2018.0,Non-Fatal
,Rockwell,N337KL,private,0.0,"Eugene Airport, OR (EUG)",sub,,Non-Fatal
